celebrity,info,question,answer,section
Laurence Olivier,"Laurence Olivier was a distinguished English actor and director born on May 22, 1907, in Dorking, Surrey, England, renowned for his contributions to theater and film throughout the 20th century.

### Early life and family background:
**Parents**: His father, Reverend Arthur John Olivier, was a Church of England clergyman, and his mother, Agnes Louise Olivier, was a playwright.  
**Siblings**: He had one brother, whose name was also Arthur.  
**Spouse**: Olivier was married three times, first to actress Jill Esmond (1930–1940), then to actress Vivien Leigh (1940–1960), and finally to actress Joan Plowright (1961–1989).  
**Children**: He had three children: Tarquin Olivier, a producer; Richard Olivier, a theater director; and Julie Olivier, an actress.  
**Schooling and early life events**: Olivier studied at the Central School of Speech and Drama and developed an early passion for Shakespeare, which would greatly influence his later performances.

### Career Highlights and Collaborations:
Laurence Olivier's career spanned over six decades, with significant contributions to both stage and screen. He co-founded the National Theatre in 1963 and served as its artistic director. His notable film roles include playing Heathcliff in ""Wuthering Heights"" (1939), Othello in ""Othello"" (1965), and Maxim de Winter in ""Rebecca"" (1940). Olivier frequently collaborated with other legendary actors, including his second wife, Vivien Leigh, most famously in ""Romeo and Juliet"" and ""Hamlet.""

### Important Events and Recognitions:
Olivier won several prestigious awards, including multiple Academy Awards, BAFTAs, and a Tony Award. In 1947, he was knighted for his contributions to drama, and in 1970, he was made a life peer as Baron Olivier, enhancing his status as one of the greatest actors of his time.

### Legacy:
Laurence Olivier left an indelible mark on the world of performing arts, influencing generations of actors and directors. He is remembered for his remarkable versatility, pioneering performances, and dedication to the preservation of classic works, solidifying his status as a titan of theater and film. His work continues to be celebrated and studied, ensuring his place in the annals of theatrical and cinematic history.",Who was Laurence Olivier and what was he renowned for?,"Laurence Olivier was a distinguished English actor and director born on May 22, 1907, in Dorking, Surrey, England, renowned for his contributions to theater and film throughout the 20th century.",Basic Information
Laurence Olivier,"Laurence Olivier was a distinguished English actor and director born on May 22, 1907, in Dorking, Surrey, England, renowned for his contributions to theater and film throughout the 20th century.

### Early life and family background:
**Parents**: His father, Reverend Arthur John Olivier, was a Church of England clergyman, and his mother, Agnes Louise Olivier, was a playwright.  
**Siblings**: He had one brother, whose name was also Arthur.  
**Spouse**: Olivier was married three times, first to actress Jill Esmond (1930–1940), then to actress Vivien Leigh (1940–1960), and finally to actress Joan Plowright (1961–1989).  
**Children**: He had three children: Tarquin Olivier, a producer; Richard Olivier, a theater director; and Julie Olivier, an actress.  
**Schooling and early life events**: Olivier studied at the Central School of Speech and Drama and developed an early passion for Shakespeare, which would greatly influence his later performances.

### Career Highlights and Collaborations:
Laurence Olivier's career spanned over six decades, with significant contributions to both stage and screen. He co-founded the National Theatre in 1963 and served as its artistic director. His notable film roles include playing Heathcliff in ""Wuthering Heights"" (1939), Othello in ""Othello"" (1965), and Maxim de Winter in ""Rebecca"" (1940). Olivier frequently collaborated with other legendary actors, including his second wife, Vivien Leigh, most famously in ""Romeo and Juliet"" and ""Hamlet.""

### Important Events and Recognitions:
Olivier won several prestigious awards, including multiple Academy Awards, BAFTAs, and a Tony Award. In 1947, he was knighted for his contributions to drama, and in 1970, he was made a life peer as Baron Olivier, enhancing his status as one of the greatest actors of his time.

### Legacy:
Laurence Olivier left an indelible mark on the world of performing arts, influencing generations of actors and directors. He is remembered for his remarkable versatility, pioneering performances, and dedication to the preservation of classic works, solidifying his status as a titan of theater and film. His work continues to be celebrated and studied, ensuring his place in the annals of theatrical and cinematic history.",What significant event in Olivier's early life influenced his future career in acting?,"Olivier developed an early passion for Shakespeare, which would greatly influence his later performances.",Early life and family background
Laurence Olivier,"Laurence Olivier was a distinguished English actor and director born on May 22, 1907, in Dorking, Surrey, England, renowned for his contributions to theater and film throughout the 20th century.

### Early life and family background:
**Parents**: His father, Reverend Arthur John Olivier, was a Church of England clergyman, and his mother, Agnes Louise Olivier, was a playwright.  
**Siblings**: He had one brother, whose name was also Arthur.  
**Spouse**: Olivier was married three times, first to actress Jill Esmond (1930–1940), then to actress Vivien Leigh (1940–1960), and finally to actress Joan Plowright (1961–1989).  
**Children**: He had three children: Tarquin Olivier, a producer; Richard Olivier, a theater director; and Julie Olivier, an actress.  
**Schooling and early life events**: Olivier studied at the Central School of Speech and Drama and developed an early passion for Shakespeare, which would greatly influence his later performances.

### Career Highlights and Collaborations:
Laurence Olivier's career spanned over six decades, with significant contributions to both stage and screen. He co-founded the National Theatre in 1963 and served as its artistic director. His notable film roles include playing Heathcliff in ""Wuthering Heights"" (1939), Othello in ""Othello"" (1965), and Maxim de Winter in ""Rebecca"" (1940). Olivier frequently collaborated with other legendary actors, including his second wife, Vivien Leigh, most famously in ""Romeo and Juliet"" and ""Hamlet.""

### Important Events and Recognitions:
Olivier won several prestigious awards, including multiple Academy Awards, BAFTAs, and a Tony Award. In 1947, he was knighted for his contributions to drama, and in 1970, he was made a life peer as Baron Olivier, enhancing his status as one of the greatest actors of his time.

### Legacy:
Laurence Olivier left an indelible mark on the world of performing arts, influencing generations of actors and directors. He is remembered for his remarkable versatility, pioneering performances, and dedication to the preservation of classic works, solidifying his status as a titan of theater and film. His work continues to be celebrated and studied, ensuring his place in the annals of theatrical and cinematic history.",What role did Laurence Olivier play in the establishment of the National Theatre?,Olivier co-founded the National Theatre in 1963 and served as its artistic director.,Career Highlights and Collaborations
Laurence Olivier,"Laurence Olivier was a distinguished English actor and director born on May 22, 1907, in Dorking, Surrey, England, renowned for his contributions to theater and film throughout the 20th century.

### Early life and family background:
**Parents**: His father, Reverend Arthur John Olivier, was a Church of England clergyman, and his mother, Agnes Louise Olivier, was a playwright.  
**Siblings**: He had one brother, whose name was also Arthur.  
**Spouse**: Olivier was married three times, first to actress Jill Esmond (1930–1940), then to actress Vivien Leigh (1940–1960), and finally to actress Joan Plowright (1961–1989).  
**Children**: He had three children: Tarquin Olivier, a producer; Richard Olivier, a theater director; and Julie Olivier, an actress.  
**Schooling and early life events**: Olivier studied at the Central School of Speech and Drama and developed an early passion for Shakespeare, which would greatly influence his later performances.

### Career Highlights and Collaborations:
Laurence Olivier's career spanned over six decades, with significant contributions to both stage and screen. He co-founded the National Theatre in 1963 and served as its artistic director. His notable film roles include playing Heathcliff in ""Wuthering Heights"" (1939), Othello in ""Othello"" (1965), and Maxim de Winter in ""Rebecca"" (1940). Olivier frequently collaborated with other legendary actors, including his second wife, Vivien Leigh, most famously in ""Romeo and Juliet"" and ""Hamlet.""

### Important Events and Recognitions:
Olivier won several prestigious awards, including multiple Academy Awards, BAFTAs, and a Tony Award. In 1947, he was knighted for his contributions to drama, and in 1970, he was made a life peer as Baron Olivier, enhancing his status as one of the greatest actors of his time.

### Legacy:
Laurence Olivier left an indelible mark on the world of performing arts, influencing generations of actors and directors. He is remembered for his remarkable versatility, pioneering performances, and dedication to the preservation of classic works, solidifying his status as a titan of theater and film. His work continues to be celebrated and studied, ensuring his place in the annals of theatrical and cinematic history.","What title was Laurence Olivier awarded in 1970, and what did it signify?","In 1970, he was made a life peer as Baron Olivier, enhancing his status as one of the greatest actors of his time.",Important Events and Recognitions
Laurence Olivier,"Laurence Olivier was a distinguished English actor and director born on May 22, 1907, in Dorking, Surrey, England, renowned for his contributions to theater and film throughout the 20th century.

### Early life and family background:
**Parents**: His father, Reverend Arthur John Olivier, was a Church of England clergyman, and his mother, Agnes Louise Olivier, was a playwright.  
**Siblings**: He had one brother, whose name was also Arthur.  
**Spouse**: Olivier was married three times, first to actress Jill Esmond (1930–1940), then to actress Vivien Leigh (1940–1960), and finally to actress Joan Plowright (1961–1989).  
**Children**: He had three children: Tarquin Olivier, a producer; Richard Olivier, a theater director; and Julie Olivier, an actress.  
**Schooling and early life events**: Olivier studied at the Central School of Speech and Drama and developed an early passion for Shakespeare, which would greatly influence his later performances.

### Career Highlights and Collaborations:
Laurence Olivier's career spanned over six decades, with significant contributions to both stage and screen. He co-founded the National Theatre in 1963 and served as its artistic director. His notable film roles include playing Heathcliff in ""Wuthering Heights"" (1939), Othello in ""Othello"" (1965), and Maxim de Winter in ""Rebecca"" (1940). Olivier frequently collaborated with other legendary actors, including his second wife, Vivien Leigh, most famously in ""Romeo and Juliet"" and ""Hamlet.""

### Important Events and Recognitions:
Olivier won several prestigious awards, including multiple Academy Awards, BAFTAs, and a Tony Award. In 1947, he was knighted for his contributions to drama, and in 1970, he was made a life peer as Baron Olivier, enhancing his status as one of the greatest actors of his time.

### Legacy:
Laurence Olivier left an indelible mark on the world of performing arts, influencing generations of actors and directors. He is remembered for his remarkable versatility, pioneering performances, and dedication to the preservation of classic works, solidifying his status as a titan of theater and film. His work continues to be celebrated and studied, ensuring his place in the annals of theatrical and cinematic history.",How has Laurence Olivier's legacy continued to impact future generations of actors and directors?,"He left an indelible mark on the world of performing arts, influencing generations of actors and directors and ensuring his place in the annals of theatrical and cinematic history.",Legacy
Kevin Spacey,"Kevin Spacey is an American actor, producer, and director, born in South Orange, New Jersey, on July 26, 1959.

### Early life and family background:
**Parents**: Thomas Geoffrey Spacey, a technical writer, and Kathleen Ann Spacey, a secretary.  
**Siblings**: One older sister, Julie, and one younger brother, Randy.  
**Spouse**: Spacey has never been married.  
**Children**: Spacey does not have any children.  
**Schooling and early life events**: He attended the Newark Academy and later studied at the Juilliard School, where he trained in acting. His early experiences included performing in school plays and working at a pizza parlor and summer stock theatres, which helped shape his interest in acting.

### Career Highlights and Collaborations:
Spacey's career took off in the early 1990s with notable films such as ""The Usual Suspects"" (1995) and ""American Beauty"" (1999), the latter of which earned him an Academy Award for Best Actor. He has collaborated with prominent directors like David Fincher on ""Se7en"" (1995) and has worked alongside actors like Morgan Freeman, Annette Bening, and Diane Wiest. Spacey also gained fame for his role in the Netflix series ""House of Cards,"" which solidified his place as a leading figure in television drama.

### Important Events and Recognitions:
Throughout his career, Spacey has received numerous awards, including two Academy Awards, a Tony Award for his performance in ""Lost in Yonkers,"" and multiple Screen Actors Guild Awards. However, his career faced significant challenges due to allegations of sexual misconduct that emerged in 2017, leading to legal battles and his eventual withdrawal from various projects.

### Legacy:
Kevin Spacey's legacy remains complex. While he is celebrated for his outstanding contributions to film and theatre, the allegations against him have considerably overshadowed his work, prompting discussions about accountability in the entertainment industry. His artistic achievements continue to be studied, but his fall from grace serves as a cautionary tale about the consequences of personal actions in the public eye.",What is Kevin Spacey's date of birth and place of birth?,"Kevin Spacey was born on July 26, 1959, in South Orange, New Jersey.",Basic Information
Kevin Spacey,"Kevin Spacey is an American actor, producer, and director, born in South Orange, New Jersey, on July 26, 1959.

### Early life and family background:
**Parents**: Thomas Geoffrey Spacey, a technical writer, and Kathleen Ann Spacey, a secretary.  
**Siblings**: One older sister, Julie, and one younger brother, Randy.  
**Spouse**: Spacey has never been married.  
**Children**: Spacey does not have any children.  
**Schooling and early life events**: He attended the Newark Academy and later studied at the Juilliard School, where he trained in acting. His early experiences included performing in school plays and working at a pizza parlor and summer stock theatres, which helped shape his interest in acting.

### Career Highlights and Collaborations:
Spacey's career took off in the early 1990s with notable films such as ""The Usual Suspects"" (1995) and ""American Beauty"" (1999), the latter of which earned him an Academy Award for Best Actor. He has collaborated with prominent directors like David Fincher on ""Se7en"" (1995) and has worked alongside actors like Morgan Freeman, Annette Bening, and Diane Wiest. Spacey also gained fame for his role in the Netflix series ""House of Cards,"" which solidified his place as a leading figure in television drama.

### Important Events and Recognitions:
Throughout his career, Spacey has received numerous awards, including two Academy Awards, a Tony Award for his performance in ""Lost in Yonkers,"" and multiple Screen Actors Guild Awards. However, his career faced significant challenges due to allegations of sexual misconduct that emerged in 2017, leading to legal battles and his eventual withdrawal from various projects.

### Legacy:
Kevin Spacey's legacy remains complex. While he is celebrated for his outstanding contributions to film and theatre, the allegations against him have considerably overshadowed his work, prompting discussions about accountability in the entertainment industry. His artistic achievements continue to be studied, but his fall from grace serves as a cautionary tale about the consequences of personal actions in the public eye.","Who are Kevin Spacey's parents, and what were their professions?","Kevin Spacey's parents are Thomas Geoffrey Spacey, a technical writer, and Kathleen Ann Spacey, a secretary.",Early life and family background
Kevin Spacey,"Kevin Spacey is an American actor, producer, and director, born in South Orange, New Jersey, on July 26, 1959.

### Early life and family background:
**Parents**: Thomas Geoffrey Spacey, a technical writer, and Kathleen Ann Spacey, a secretary.  
**Siblings**: One older sister, Julie, and one younger brother, Randy.  
**Spouse**: Spacey has never been married.  
**Children**: Spacey does not have any children.  
**Schooling and early life events**: He attended the Newark Academy and later studied at the Juilliard School, where he trained in acting. His early experiences included performing in school plays and working at a pizza parlor and summer stock theatres, which helped shape his interest in acting.

### Career Highlights and Collaborations:
Spacey's career took off in the early 1990s with notable films such as ""The Usual Suspects"" (1995) and ""American Beauty"" (1999), the latter of which earned him an Academy Award for Best Actor. He has collaborated with prominent directors like David Fincher on ""Se7en"" (1995) and has worked alongside actors like Morgan Freeman, Annette Bening, and Diane Wiest. Spacey also gained fame for his role in the Netflix series ""House of Cards,"" which solidified his place as a leading figure in television drama.

### Important Events and Recognitions:
Throughout his career, Spacey has received numerous awards, including two Academy Awards, a Tony Award for his performance in ""Lost in Yonkers,"" and multiple Screen Actors Guild Awards. However, his career faced significant challenges due to allegations of sexual misconduct that emerged in 2017, leading to legal battles and his eventual withdrawal from various projects.

### Legacy:
Kevin Spacey's legacy remains complex. While he is celebrated for his outstanding contributions to film and theatre, the allegations against him have considerably overshadowed his work, prompting discussions about accountability in the entertainment industry. His artistic achievements continue to be studied, but his fall from grace serves as a cautionary tale about the consequences of personal actions in the public eye.",What notable film earned Kevin Spacey an Academy Award for Best Actor?,"Kevin Spacey earned an Academy Award for Best Actor for his role in ""American Beauty"" (1999).",Career Highlights and Collaborations
Kevin Spacey,"Kevin Spacey is an American actor, producer, and director, born in South Orange, New Jersey, on July 26, 1959.

### Early life and family background:
**Parents**: Thomas Geoffrey Spacey, a technical writer, and Kathleen Ann Spacey, a secretary.  
**Siblings**: One older sister, Julie, and one younger brother, Randy.  
**Spouse**: Spacey has never been married.  
**Children**: Spacey does not have any children.  
**Schooling and early life events**: He attended the Newark Academy and later studied at the Juilliard School, where he trained in acting. His early experiences included performing in school plays and working at a pizza parlor and summer stock theatres, which helped shape his interest in acting.

### Career Highlights and Collaborations:
Spacey's career took off in the early 1990s with notable films such as ""The Usual Suspects"" (1995) and ""American Beauty"" (1999), the latter of which earned him an Academy Award for Best Actor. He has collaborated with prominent directors like David Fincher on ""Se7en"" (1995) and has worked alongside actors like Morgan Freeman, Annette Bening, and Diane Wiest. Spacey also gained fame for his role in the Netflix series ""House of Cards,"" which solidified his place as a leading figure in television drama.

### Important Events and Recognitions:
Throughout his career, Spacey has received numerous awards, including two Academy Awards, a Tony Award for his performance in ""Lost in Yonkers,"" and multiple Screen Actors Guild Awards. However, his career faced significant challenges due to allegations of sexual misconduct that emerged in 2017, leading to legal battles and his eventual withdrawal from various projects.

### Legacy:
Kevin Spacey's legacy remains complex. While he is celebrated for his outstanding contributions to film and theatre, the allegations against him have considerably overshadowed his work, prompting discussions about accountability in the entertainment industry. His artistic achievements continue to be studied, but his fall from grace serves as a cautionary tale about the consequences of personal actions in the public eye.",What significant challenges did Kevin Spacey face in 2017?,"In 2017, Kevin Spacey faced significant challenges due to allegations of sexual misconduct, leading to legal battles and his withdrawal from various projects.",Important Events and Recognitions
Jessica Lange,"Jessica Lange is an acclaimed American actress, born on April 20, 1949, in Cloquet, Minnesota.

### Early life and family background:
**Parents**: Lange's mother, Dorothy Florence (née Sahlman), was a schoolteacher, and her father, Albert Edward Lange, was a pharmacist.  
**Siblings**: She has one older sister named Ann Lange.  
**Spouse**: Jessica Lange was married to actor and playwright Sam Shepard from 1971 to 1982. She later had a long-term relationship with actor Pablo Schreiber, with whom she shares a daughter, and another period of partnership with actor and director David Adkins.  
**Children**: Jessica has two daughters, one with Sam Shepard named Hannah Jane and another with actor Pablo Schreiber named Julia.  
**Schooling and early life events**: She attended the University of Minnesota, where she initially studied art and also pursued a career in modeling, leading her to travel to Europe and later return to pursue acting.

### Career Highlights and Collaborations:
Jessica Lange's career spans several decades, during which she has worked with renowned directors such as Francis Ford Coppola, in films like ""The Godfather Part III"" and ""Apocalypse Now"", as well as with Brian De Palma in ""The Fury"". She has gained recognition for her roles in various films and television series, including her Emmy-winning performances in ""American Horror Story"" and her Oscar-winning roles in ""Blue Sky"" and ""Tootsie"". 

### Important Events and Recognitions:
Throughout her career, Lange has received numerous accolades, including two Academy Awards, three Primetime Emmy Awards, and a Tony Award. She was also awarded a Golden Globe for her role in ""The Glass Menagerie"". In addition to her acting talents, Lange is recognized for her work as a photographer and for her advocacy on behalf of various charitable causes, particularly those related to climate change and the protection of wildlife.

### Legacy:
Jessica Lange is celebrated not only for her acting prowess but also for her contributions to the arts. She has left a lasting impact on American cinema and continues to be an influential figure in both film and theater. Her ability to portray complex characters with depth and emotion has set a standard for actors in the industry.",What is Jessica Lange's birth date and place?,"Jessica Lange was born on April 20, 1949, in Cloquet, Minnesota.",Basic Information
Jessica Lange,"Jessica Lange is an acclaimed American actress, born on April 20, 1949, in Cloquet, Minnesota.

### Early life and family background:
**Parents**: Lange's mother, Dorothy Florence (née Sahlman), was a schoolteacher, and her father, Albert Edward Lange, was a pharmacist.  
**Siblings**: She has one older sister named Ann Lange.  
**Spouse**: Jessica Lange was married to actor and playwright Sam Shepard from 1971 to 1982. She later had a long-term relationship with actor Pablo Schreiber, with whom she shares a daughter, and another period of partnership with actor and director David Adkins.  
**Children**: Jessica has two daughters, one with Sam Shepard named Hannah Jane and another with actor Pablo Schreiber named Julia.  
**Schooling and early life events**: She attended the University of Minnesota, where she initially studied art and also pursued a career in modeling, leading her to travel to Europe and later return to pursue acting.

### Career Highlights and Collaborations:
Jessica Lange's career spans several decades, during which she has worked with renowned directors such as Francis Ford Coppola, in films like ""The Godfather Part III"" and ""Apocalypse Now"", as well as with Brian De Palma in ""The Fury"". She has gained recognition for her roles in various films and television series, including her Emmy-winning performances in ""American Horror Story"" and her Oscar-winning roles in ""Blue Sky"" and ""Tootsie"". 

### Important Events and Recognitions:
Throughout her career, Lange has received numerous accolades, including two Academy Awards, three Primetime Emmy Awards, and a Tony Award. She was also awarded a Golden Globe for her role in ""The Glass Menagerie"". In addition to her acting talents, Lange is recognized for her work as a photographer and for her advocacy on behalf of various charitable causes, particularly those related to climate change and the protection of wildlife.

### Legacy:
Jessica Lange is celebrated not only for her acting prowess but also for her contributions to the arts. She has left a lasting impact on American cinema and continues to be an influential figure in both film and theater. Her ability to portray complex characters with depth and emotion has set a standard for actors in the industry.","Who were Jessica Lange's parents, and what were their professions?","Jessica Lange's mother was Dorothy Florence, a schoolteacher, and her father was Albert Edward Lange, a pharmacist.",Early life and family background
Jessica Lange,"Jessica Lange is an acclaimed American actress, born on April 20, 1949, in Cloquet, Minnesota.

### Early life and family background:
**Parents**: Lange's mother, Dorothy Florence (née Sahlman), was a schoolteacher, and her father, Albert Edward Lange, was a pharmacist.  
**Siblings**: She has one older sister named Ann Lange.  
**Spouse**: Jessica Lange was married to actor and playwright Sam Shepard from 1971 to 1982. She later had a long-term relationship with actor Pablo Schreiber, with whom she shares a daughter, and another period of partnership with actor and director David Adkins.  
**Children**: Jessica has two daughters, one with Sam Shepard named Hannah Jane and another with actor Pablo Schreiber named Julia.  
**Schooling and early life events**: She attended the University of Minnesota, where she initially studied art and also pursued a career in modeling, leading her to travel to Europe and later return to pursue acting.

### Career Highlights and Collaborations:
Jessica Lange's career spans several decades, during which she has worked with renowned directors such as Francis Ford Coppola, in films like ""The Godfather Part III"" and ""Apocalypse Now"", as well as with Brian De Palma in ""The Fury"". She has gained recognition for her roles in various films and television series, including her Emmy-winning performances in ""American Horror Story"" and her Oscar-winning roles in ""Blue Sky"" and ""Tootsie"". 

### Important Events and Recognitions:
Throughout her career, Lange has received numerous accolades, including two Academy Awards, three Primetime Emmy Awards, and a Tony Award. She was also awarded a Golden Globe for her role in ""The Glass Menagerie"". In addition to her acting talents, Lange is recognized for her work as a photographer and for her advocacy on behalf of various charitable causes, particularly those related to climate change and the protection of wildlife.

### Legacy:
Jessica Lange is celebrated not only for her acting prowess but also for her contributions to the arts. She has left a lasting impact on American cinema and continues to be an influential figure in both film and theater. Her ability to portray complex characters with depth and emotion has set a standard for actors in the industry.",In what significant films did Jessica Lange collaborate with director Francis Ford Coppola?,"Jessica Lange collaborated with Francis Ford Coppola in ""The Godfather Part III"" and ""Apocalypse Now"".",Career Highlights and Collaborations
Jessica Lange,"Jessica Lange is an acclaimed American actress, born on April 20, 1949, in Cloquet, Minnesota.

### Early life and family background:
**Parents**: Lange's mother, Dorothy Florence (née Sahlman), was a schoolteacher, and her father, Albert Edward Lange, was a pharmacist.  
**Siblings**: She has one older sister named Ann Lange.  
**Spouse**: Jessica Lange was married to actor and playwright Sam Shepard from 1971 to 1982. She later had a long-term relationship with actor Pablo Schreiber, with whom she shares a daughter, and another period of partnership with actor and director David Adkins.  
**Children**: Jessica has two daughters, one with Sam Shepard named Hannah Jane and another with actor Pablo Schreiber named Julia.  
**Schooling and early life events**: She attended the University of Minnesota, where she initially studied art and also pursued a career in modeling, leading her to travel to Europe and later return to pursue acting.

### Career Highlights and Collaborations:
Jessica Lange's career spans several decades, during which she has worked with renowned directors such as Francis Ford Coppola, in films like ""The Godfather Part III"" and ""Apocalypse Now"", as well as with Brian De Palma in ""The Fury"". She has gained recognition for her roles in various films and television series, including her Emmy-winning performances in ""American Horror Story"" and her Oscar-winning roles in ""Blue Sky"" and ""Tootsie"". 

### Important Events and Recognitions:
Throughout her career, Lange has received numerous accolades, including two Academy Awards, three Primetime Emmy Awards, and a Tony Award. She was also awarded a Golden Globe for her role in ""The Glass Menagerie"". In addition to her acting talents, Lange is recognized for her work as a photographer and for her advocacy on behalf of various charitable causes, particularly those related to climate change and the protection of wildlife.

### Legacy:
Jessica Lange is celebrated not only for her acting prowess but also for her contributions to the arts. She has left a lasting impact on American cinema and continues to be an influential figure in both film and theater. Her ability to portray complex characters with depth and emotion has set a standard for actors in the industry.",How many Academy Awards has Jessica Lange won throughout her career?,Jessica Lange has won two Academy Awards.,Important Events and Recognitions
Jessica Lange,"Jessica Lange is an acclaimed American actress, born on April 20, 1949, in Cloquet, Minnesota.

### Early life and family background:
**Parents**: Lange's mother, Dorothy Florence (née Sahlman), was a schoolteacher, and her father, Albert Edward Lange, was a pharmacist.  
**Siblings**: She has one older sister named Ann Lange.  
**Spouse**: Jessica Lange was married to actor and playwright Sam Shepard from 1971 to 1982. She later had a long-term relationship with actor Pablo Schreiber, with whom she shares a daughter, and another period of partnership with actor and director David Adkins.  
**Children**: Jessica has two daughters, one with Sam Shepard named Hannah Jane and another with actor Pablo Schreiber named Julia.  
**Schooling and early life events**: She attended the University of Minnesota, where she initially studied art and also pursued a career in modeling, leading her to travel to Europe and later return to pursue acting.

### Career Highlights and Collaborations:
Jessica Lange's career spans several decades, during which she has worked with renowned directors such as Francis Ford Coppola, in films like ""The Godfather Part III"" and ""Apocalypse Now"", as well as with Brian De Palma in ""The Fury"". She has gained recognition for her roles in various films and television series, including her Emmy-winning performances in ""American Horror Story"" and her Oscar-winning roles in ""Blue Sky"" and ""Tootsie"". 

### Important Events and Recognitions:
Throughout her career, Lange has received numerous accolades, including two Academy Awards, three Primetime Emmy Awards, and a Tony Award. She was also awarded a Golden Globe for her role in ""The Glass Menagerie"". In addition to her acting talents, Lange is recognized for her work as a photographer and for her advocacy on behalf of various charitable causes, particularly those related to climate change and the protection of wildlife.

### Legacy:
Jessica Lange is celebrated not only for her acting prowess but also for her contributions to the arts. She has left a lasting impact on American cinema and continues to be an influential figure in both film and theater. Her ability to portray complex characters with depth and emotion has set a standard for actors in the industry.",What is one of the key aspects of Jessica Lange's legacy in the arts?,"Jessica Lange is celebrated for her ability to portray complex characters with depth and emotion, setting a standard for actors in the industry.",Legacy
Jessica Lange,"Jessica Lange is an acclaimed American actress, born on April 20, 1949, in Cloquet, Minnesota.

### Early life and family background:
**Parents**: Lange's mother, Dorothy Florence (née Sahlman), was a schoolteacher, and her father, Albert Edward Lange, was a pharmacist.  
**Siblings**: She has one older sister named Ann Lange.  
**Spouse**: Jessica Lange was married to actor and playwright Sam Shepard from 1971 to 1982. She later had a long-term relationship with actor Pablo Schreiber, with whom she shares a daughter, and another period of partnership with actor and director David Adkins.  
**Children**: Jessica has two daughters, one with Sam Shepard named Hannah Jane and another with actor Pablo Schreiber named Julia.  
**Schooling and early life events**: She attended the University of Minnesota, where she initially studied art and also pursued a career in modeling, leading her to travel to Europe and later return to pursue acting.

### Career Highlights and Collaborations:
Jessica Lange's career spans several decades, during which she has worked with renowned directors such as Francis Ford Coppola, in films like ""The Godfather Part III"" and ""Apocalypse Now"", as well as with Brian De Palma in ""The Fury"". She has gained recognition for her roles in various films and television series, including her Emmy-winning performances in ""American Horror Story"" and her Oscar-winning roles in ""Blue Sky"" and ""Tootsie"". 

### Important Events and Recognitions:
Throughout her career, Lange has received numerous accolades, including two Academy Awards, three Primetime Emmy Awards, and a Tony Award. She was also awarded a Golden Globe for her role in ""The Glass Menagerie"". In addition to her acting talents, Lange is recognized for her work as a photographer and for her advocacy on behalf of various charitable causes, particularly those related to climate change and the protection of wildlife.

### Legacy:
Jessica Lange is celebrated not only for her acting prowess but also for her contributions to the arts. She has left a lasting impact on American cinema and continues to be an influential figure in both film and theater. Her ability to portray complex characters with depth and emotion has set a standard for actors in the industry.","What educational institution did Jessica Lange attend, and what were her initial areas of study?","Jessica Lange attended the University of Minnesota, where she initially studied art.",Early life and family background
Jessica Lange,"Jessica Lange is an acclaimed American actress, born on April 20, 1949, in Cloquet, Minnesota.

### Early life and family background:
**Parents**: Lange's mother, Dorothy Florence (née Sahlman), was a schoolteacher, and her father, Albert Edward Lange, was a pharmacist.  
**Siblings**: She has one older sister named Ann Lange.  
**Spouse**: Jessica Lange was married to actor and playwright Sam Shepard from 1971 to 1982. She later had a long-term relationship with actor Pablo Schreiber, with whom she shares a daughter, and another period of partnership with actor and director David Adkins.  
**Children**: Jessica has two daughters, one with Sam Shepard named Hannah Jane and another with actor Pablo Schreiber named Julia.  
**Schooling and early life events**: She attended the University of Minnesota, where she initially studied art and also pursued a career in modeling, leading her to travel to Europe and later return to pursue acting.

### Career Highlights and Collaborations:
Jessica Lange's career spans several decades, during which she has worked with renowned directors such as Francis Ford Coppola, in films like ""The Godfather Part III"" and ""Apocalypse Now"", as well as with Brian De Palma in ""The Fury"". She has gained recognition for her roles in various films and television series, including her Emmy-winning performances in ""American Horror Story"" and her Oscar-winning roles in ""Blue Sky"" and ""Tootsie"". 

### Important Events and Recognitions:
Throughout her career, Lange has received numerous accolades, including two Academy Awards, three Primetime Emmy Awards, and a Tony Award. She was also awarded a Golden Globe for her role in ""The Glass Menagerie"". In addition to her acting talents, Lange is recognized for her work as a photographer and for her advocacy on behalf of various charitable causes, particularly those related to climate change and the protection of wildlife.

### Legacy:
Jessica Lange is celebrated not only for her acting prowess but also for her contributions to the arts. She has left a lasting impact on American cinema and continues to be an influential figure in both film and theater. Her ability to portray complex characters with depth and emotion has set a standard for actors in the industry.",Who are Jessica Lange's children and who are their fathers?,"Jessica Lange has two daughters: Hannah Jane, with Sam Shepard, and Julia, with Pablo Schreiber.",Early life and family background
Jessica Lange,"Jessica Lange is an acclaimed American actress, born on April 20, 1949, in Cloquet, Minnesota.

### Early life and family background:
**Parents**: Lange's mother, Dorothy Florence (née Sahlman), was a schoolteacher, and her father, Albert Edward Lange, was a pharmacist.  
**Siblings**: She has one older sister named Ann Lange.  
**Spouse**: Jessica Lange was married to actor and playwright Sam Shepard from 1971 to 1982. She later had a long-term relationship with actor Pablo Schreiber, with whom she shares a daughter, and another period of partnership with actor and director David Adkins.  
**Children**: Jessica has two daughters, one with Sam Shepard named Hannah Jane and another with actor Pablo Schreiber named Julia.  
**Schooling and early life events**: She attended the University of Minnesota, where she initially studied art and also pursued a career in modeling, leading her to travel to Europe and later return to pursue acting.

### Career Highlights and Collaborations:
Jessica Lange's career spans several decades, during which she has worked with renowned directors such as Francis Ford Coppola, in films like ""The Godfather Part III"" and ""Apocalypse Now"", as well as with Brian De Palma in ""The Fury"". She has gained recognition for her roles in various films and television series, including her Emmy-winning performances in ""American Horror Story"" and her Oscar-winning roles in ""Blue Sky"" and ""Tootsie"". 

### Important Events and Recognitions:
Throughout her career, Lange has received numerous accolades, including two Academy Awards, three Primetime Emmy Awards, and a Tony Award. She was also awarded a Golden Globe for her role in ""The Glass Menagerie"". In addition to her acting talents, Lange is recognized for her work as a photographer and for her advocacy on behalf of various charitable causes, particularly those related to climate change and the protection of wildlife.

### Legacy:
Jessica Lange is celebrated not only for her acting prowess but also for her contributions to the arts. She has left a lasting impact on American cinema and continues to be an influential figure in both film and theater. Her ability to portray complex characters with depth and emotion has set a standard for actors in the industry.",How did Lange's work in television add to her career highlights?,"Jessica Lange gained recognition for her Emmy-winning performances in ""American Horror Story"".",Career Highlights and Collaborations
Jessica Lange,"Jessica Lange is an acclaimed American actress, born on April 20, 1949, in Cloquet, Minnesota.

### Early life and family background:
**Parents**: Lange's mother, Dorothy Florence (née Sahlman), was a schoolteacher, and her father, Albert Edward Lange, was a pharmacist.  
**Siblings**: She has one older sister named Ann Lange.  
**Spouse**: Jessica Lange was married to actor and playwright Sam Shepard from 1971 to 1982. She later had a long-term relationship with actor Pablo Schreiber, with whom she shares a daughter, and another period of partnership with actor and director David Adkins.  
**Children**: Jessica has two daughters, one with Sam Shepard named Hannah Jane and another with actor Pablo Schreiber named Julia.  
**Schooling and early life events**: She attended the University of Minnesota, where she initially studied art and also pursued a career in modeling, leading her to travel to Europe and later return to pursue acting.

### Career Highlights and Collaborations:
Jessica Lange's career spans several decades, during which she has worked with renowned directors such as Francis Ford Coppola, in films like ""The Godfather Part III"" and ""Apocalypse Now"", as well as with Brian De Palma in ""The Fury"". She has gained recognition for her roles in various films and television series, including her Emmy-winning performances in ""American Horror Story"" and her Oscar-winning roles in ""Blue Sky"" and ""Tootsie"". 

### Important Events and Recognitions:
Throughout her career, Lange has received numerous accolades, including two Academy Awards, three Primetime Emmy Awards, and a Tony Award. She was also awarded a Golden Globe for her role in ""The Glass Menagerie"". In addition to her acting talents, Lange is recognized for her work as a photographer and for her advocacy on behalf of various charitable causes, particularly those related to climate change and the protection of wildlife.

### Legacy:
Jessica Lange is celebrated not only for her acting prowess but also for her contributions to the arts. She has left a lasting impact on American cinema and continues to be an influential figure in both film and theater. Her ability to portray complex characters with depth and emotion has set a standard for actors in the industry.",What is one of the causes that Jessica Lange advocates for outside of acting?,"Jessica Lange advocates for various charitable causes, particularly those related to climate change and the protection of wildlife.",Important Events and Recognitions
Renée Zellweger,"Renée Zellweger is an acclaimed American actress and producer, known for her versatile performances in film, who was born on April 25, 1969, in Katy, Texas.

### Early life and family background: 
**Parents**: Renée Zellweger's mother, Kjellfrid Irene (née Andreassen), was a nurse and her father, Emil Erich Zellweger, was an engineer.  
**Siblings**: She has one older brother, Drew Zellweger.  
**Spouse**: Renée was previously married to country music star Kenny Chesney from 2005 to 2005 and has been in a relationship with Ant Anstead since 2021.  
**Children**: She does not have any children.  
**Schooling and early life events**: Zellweger attended Katy High School, where she was involved in various activities, and later earned a Bachelor of Arts in English from the University of Texas at Austin. 

### Career Highlights and Collaborations:
Zellweger gained fame in the late 1990s with her roles in ""Jerry Maguire"" (1996) and ""Me, Myself and Irene"" (2000). Her portrayal of Bridget Jones in ""Bridget Jones's Diary"" (2001) and its sequels showcased her comedic talent and earned her critical acclaim. She received the Academy Award for Best Supporting Actress for her role in ""Cold Mountain"" (2003) and won the Oscar for Best Actress for ""Judy"" (2019). Zellweger has collaborated with prominent directors such as Renée Zellweger projected versatility through varied roles in films like ""Chicago"" (2002), ""The Wedding Crashers"" (2005), and ""First
Do No Harm"" (1997).

### Important Events and Recognitions:
Renée’s career includes multiple accolades, including three Golden Globe Awards, a BAFTA Award, and two Academy Awards. In addition to her acting awards, she was awarded a star on the Hollywood Walk of Fame in 2010. Zellweger has also been involved in several philanthropic efforts, particularly in support of health and wellness initiatives.

### Legacy:
Renée Zellweger is recognized for her significant contributions to cinema and is celebrated for her ability to portray complex characters across various genres. Her career is often cited as inspiring for many aspiring actors, and she continues to be a prominent figure in the film industry. Zellweger's transformative approach to her roles, combined with her charm and dedication to her craft, has solidified her status as one of the leading actresses of her generation.",What is Renée Zellweger known for?,Renée Zellweger is known for her versatile performances in film and is an acclaimed American actress and producer.,Basic Information
Renée Zellweger,"Renée Zellweger is an acclaimed American actress and producer, known for her versatile performances in film, who was born on April 25, 1969, in Katy, Texas.

### Early life and family background: 
**Parents**: Renée Zellweger's mother, Kjellfrid Irene (née Andreassen), was a nurse and her father, Emil Erich Zellweger, was an engineer.  
**Siblings**: She has one older brother, Drew Zellweger.  
**Spouse**: Renée was previously married to country music star Kenny Chesney from 2005 to 2005 and has been in a relationship with Ant Anstead since 2021.  
**Children**: She does not have any children.  
**Schooling and early life events**: Zellweger attended Katy High School, where she was involved in various activities, and later earned a Bachelor of Arts in English from the University of Texas at Austin. 

### Career Highlights and Collaborations:
Zellweger gained fame in the late 1990s with her roles in ""Jerry Maguire"" (1996) and ""Me, Myself and Irene"" (2000). Her portrayal of Bridget Jones in ""Bridget Jones's Diary"" (2001) and its sequels showcased her comedic talent and earned her critical acclaim. She received the Academy Award for Best Supporting Actress for her role in ""Cold Mountain"" (2003) and won the Oscar for Best Actress for ""Judy"" (2019). Zellweger has collaborated with prominent directors such as Renée Zellweger projected versatility through varied roles in films like ""Chicago"" (2002), ""The Wedding Crashers"" (2005), and ""First
Do No Harm"" (1997).

### Important Events and Recognitions:
Renée’s career includes multiple accolades, including three Golden Globe Awards, a BAFTA Award, and two Academy Awards. In addition to her acting awards, she was awarded a star on the Hollywood Walk of Fame in 2010. Zellweger has also been involved in several philanthropic efforts, particularly in support of health and wellness initiatives.

### Legacy:
Renée Zellweger is recognized for her significant contributions to cinema and is celebrated for her ability to portray complex characters across various genres. Her career is often cited as inspiring for many aspiring actors, and she continues to be a prominent figure in the film industry. Zellweger's transformative approach to her roles, combined with her charm and dedication to her craft, has solidified her status as one of the leading actresses of her generation.",When was Renée Zellweger born and where?,"Renée Zellweger was born on April 25, 1969, in Katy, Texas.",Basic Information
Renée Zellweger,"Renée Zellweger is an acclaimed American actress and producer, known for her versatile performances in film, who was born on April 25, 1969, in Katy, Texas.

### Early life and family background: 
**Parents**: Renée Zellweger's mother, Kjellfrid Irene (née Andreassen), was a nurse and her father, Emil Erich Zellweger, was an engineer.  
**Siblings**: She has one older brother, Drew Zellweger.  
**Spouse**: Renée was previously married to country music star Kenny Chesney from 2005 to 2005 and has been in a relationship with Ant Anstead since 2021.  
**Children**: She does not have any children.  
**Schooling and early life events**: Zellweger attended Katy High School, where she was involved in various activities, and later earned a Bachelor of Arts in English from the University of Texas at Austin. 

### Career Highlights and Collaborations:
Zellweger gained fame in the late 1990s with her roles in ""Jerry Maguire"" (1996) and ""Me, Myself and Irene"" (2000). Her portrayal of Bridget Jones in ""Bridget Jones's Diary"" (2001) and its sequels showcased her comedic talent and earned her critical acclaim. She received the Academy Award for Best Supporting Actress for her role in ""Cold Mountain"" (2003) and won the Oscar for Best Actress for ""Judy"" (2019). Zellweger has collaborated with prominent directors such as Renée Zellweger projected versatility through varied roles in films like ""Chicago"" (2002), ""The Wedding Crashers"" (2005), and ""First
Do No Harm"" (1997).

### Important Events and Recognitions:
Renée’s career includes multiple accolades, including three Golden Globe Awards, a BAFTA Award, and two Academy Awards. In addition to her acting awards, she was awarded a star on the Hollywood Walk of Fame in 2010. Zellweger has also been involved in several philanthropic efforts, particularly in support of health and wellness initiatives.

### Legacy:
Renée Zellweger is recognized for her significant contributions to cinema and is celebrated for her ability to portray complex characters across various genres. Her career is often cited as inspiring for many aspiring actors, and she continues to be a prominent figure in the film industry. Zellweger's transformative approach to her roles, combined with her charm and dedication to her craft, has solidified her status as one of the leading actresses of her generation.",Who are Renée Zellweger's parents?,"Renée Zellweger's mother is Kjellfrid Irene, a nurse, and her father is Emil Erich Zellweger, an engineer.",Early life and family background
Renée Zellweger,"Renée Zellweger is an acclaimed American actress and producer, known for her versatile performances in film, who was born on April 25, 1969, in Katy, Texas.

### Early life and family background: 
**Parents**: Renée Zellweger's mother, Kjellfrid Irene (née Andreassen), was a nurse and her father, Emil Erich Zellweger, was an engineer.  
**Siblings**: She has one older brother, Drew Zellweger.  
**Spouse**: Renée was previously married to country music star Kenny Chesney from 2005 to 2005 and has been in a relationship with Ant Anstead since 2021.  
**Children**: She does not have any children.  
**Schooling and early life events**: Zellweger attended Katy High School, where she was involved in various activities, and later earned a Bachelor of Arts in English from the University of Texas at Austin. 

### Career Highlights and Collaborations:
Zellweger gained fame in the late 1990s with her roles in ""Jerry Maguire"" (1996) and ""Me, Myself and Irene"" (2000). Her portrayal of Bridget Jones in ""Bridget Jones's Diary"" (2001) and its sequels showcased her comedic talent and earned her critical acclaim. She received the Academy Award for Best Supporting Actress for her role in ""Cold Mountain"" (2003) and won the Oscar for Best Actress for ""Judy"" (2019). Zellweger has collaborated with prominent directors such as Renée Zellweger projected versatility through varied roles in films like ""Chicago"" (2002), ""The Wedding Crashers"" (2005), and ""First
Do No Harm"" (1997).

### Important Events and Recognitions:
Renée’s career includes multiple accolades, including three Golden Globe Awards, a BAFTA Award, and two Academy Awards. In addition to her acting awards, she was awarded a star on the Hollywood Walk of Fame in 2010. Zellweger has also been involved in several philanthropic efforts, particularly in support of health and wellness initiatives.

### Legacy:
Renée Zellweger is recognized for her significant contributions to cinema and is celebrated for her ability to portray complex characters across various genres. Her career is often cited as inspiring for many aspiring actors, and she continues to be a prominent figure in the film industry. Zellweger's transformative approach to her roles, combined with her charm and dedication to her craft, has solidified her status as one of the leading actresses of her generation.",Did Renée Zellweger have any siblings?,"Yes, she has one older brother named Drew Zellweger.",Early life and family background
Renée Zellweger,"Renée Zellweger is an acclaimed American actress and producer, known for her versatile performances in film, who was born on April 25, 1969, in Katy, Texas.

### Early life and family background: 
**Parents**: Renée Zellweger's mother, Kjellfrid Irene (née Andreassen), was a nurse and her father, Emil Erich Zellweger, was an engineer.  
**Siblings**: She has one older brother, Drew Zellweger.  
**Spouse**: Renée was previously married to country music star Kenny Chesney from 2005 to 2005 and has been in a relationship with Ant Anstead since 2021.  
**Children**: She does not have any children.  
**Schooling and early life events**: Zellweger attended Katy High School, where she was involved in various activities, and later earned a Bachelor of Arts in English from the University of Texas at Austin. 

### Career Highlights and Collaborations:
Zellweger gained fame in the late 1990s with her roles in ""Jerry Maguire"" (1996) and ""Me, Myself and Irene"" (2000). Her portrayal of Bridget Jones in ""Bridget Jones's Diary"" (2001) and its sequels showcased her comedic talent and earned her critical acclaim. She received the Academy Award for Best Supporting Actress for her role in ""Cold Mountain"" (2003) and won the Oscar for Best Actress for ""Judy"" (2019). Zellweger has collaborated with prominent directors such as Renée Zellweger projected versatility through varied roles in films like ""Chicago"" (2002), ""The Wedding Crashers"" (2005), and ""First
Do No Harm"" (1997).

### Important Events and Recognitions:
Renée’s career includes multiple accolades, including three Golden Globe Awards, a BAFTA Award, and two Academy Awards. In addition to her acting awards, she was awarded a star on the Hollywood Walk of Fame in 2010. Zellweger has also been involved in several philanthropic efforts, particularly in support of health and wellness initiatives.

### Legacy:
Renée Zellweger is recognized for her significant contributions to cinema and is celebrated for her ability to portray complex characters across various genres. Her career is often cited as inspiring for many aspiring actors, and she continues to be a prominent figure in the film industry. Zellweger's transformative approach to her roles, combined with her charm and dedication to her craft, has solidified her status as one of the leading actresses of her generation.",What notable role did Renée Zellweger play in the late 1990s that contributed to her fame?,"She gained fame for her role in ""Jerry Maguire"" (1996).",Career Highlights and Collaborations
Renée Zellweger,"Renée Zellweger is an acclaimed American actress and producer, known for her versatile performances in film, who was born on April 25, 1969, in Katy, Texas.

### Early life and family background: 
**Parents**: Renée Zellweger's mother, Kjellfrid Irene (née Andreassen), was a nurse and her father, Emil Erich Zellweger, was an engineer.  
**Siblings**: She has one older brother, Drew Zellweger.  
**Spouse**: Renée was previously married to country music star Kenny Chesney from 2005 to 2005 and has been in a relationship with Ant Anstead since 2021.  
**Children**: She does not have any children.  
**Schooling and early life events**: Zellweger attended Katy High School, where she was involved in various activities, and later earned a Bachelor of Arts in English from the University of Texas at Austin. 

### Career Highlights and Collaborations:
Zellweger gained fame in the late 1990s with her roles in ""Jerry Maguire"" (1996) and ""Me, Myself and Irene"" (2000). Her portrayal of Bridget Jones in ""Bridget Jones's Diary"" (2001) and its sequels showcased her comedic talent and earned her critical acclaim. She received the Academy Award for Best Supporting Actress for her role in ""Cold Mountain"" (2003) and won the Oscar for Best Actress for ""Judy"" (2019). Zellweger has collaborated with prominent directors such as Renée Zellweger projected versatility through varied roles in films like ""Chicago"" (2002), ""The Wedding Crashers"" (2005), and ""First
Do No Harm"" (1997).

### Important Events and Recognitions:
Renée’s career includes multiple accolades, including three Golden Globe Awards, a BAFTA Award, and two Academy Awards. In addition to her acting awards, she was awarded a star on the Hollywood Walk of Fame in 2010. Zellweger has also been involved in several philanthropic efforts, particularly in support of health and wellness initiatives.

### Legacy:
Renée Zellweger is recognized for her significant contributions to cinema and is celebrated for her ability to portray complex characters across various genres. Her career is often cited as inspiring for many aspiring actors, and she continues to be a prominent figure in the film industry. Zellweger's transformative approach to her roles, combined with her charm and dedication to her craft, has solidified her status as one of the leading actresses of her generation.",Which film earned Renée Zellweger an Academy Award for Best Actress?,"She won the Oscar for Best Actress for her role in ""Judy"" (2019).",Career Highlights and Collaborations
Renée Zellweger,"Renée Zellweger is an acclaimed American actress and producer, known for her versatile performances in film, who was born on April 25, 1969, in Katy, Texas.

### Early life and family background: 
**Parents**: Renée Zellweger's mother, Kjellfrid Irene (née Andreassen), was a nurse and her father, Emil Erich Zellweger, was an engineer.  
**Siblings**: She has one older brother, Drew Zellweger.  
**Spouse**: Renée was previously married to country music star Kenny Chesney from 2005 to 2005 and has been in a relationship with Ant Anstead since 2021.  
**Children**: She does not have any children.  
**Schooling and early life events**: Zellweger attended Katy High School, where she was involved in various activities, and later earned a Bachelor of Arts in English from the University of Texas at Austin. 

### Career Highlights and Collaborations:
Zellweger gained fame in the late 1990s with her roles in ""Jerry Maguire"" (1996) and ""Me, Myself and Irene"" (2000). Her portrayal of Bridget Jones in ""Bridget Jones's Diary"" (2001) and its sequels showcased her comedic talent and earned her critical acclaim. She received the Academy Award for Best Supporting Actress for her role in ""Cold Mountain"" (2003) and won the Oscar for Best Actress for ""Judy"" (2019). Zellweger has collaborated with prominent directors such as Renée Zellweger projected versatility through varied roles in films like ""Chicago"" (2002), ""The Wedding Crashers"" (2005), and ""First
Do No Harm"" (1997).

### Important Events and Recognitions:
Renée’s career includes multiple accolades, including three Golden Globe Awards, a BAFTA Award, and two Academy Awards. In addition to her acting awards, she was awarded a star on the Hollywood Walk of Fame in 2010. Zellweger has also been involved in several philanthropic efforts, particularly in support of health and wellness initiatives.

### Legacy:
Renée Zellweger is recognized for her significant contributions to cinema and is celebrated for her ability to portray complex characters across various genres. Her career is often cited as inspiring for many aspiring actors, and she continues to be a prominent figure in the film industry. Zellweger's transformative approach to her roles, combined with her charm and dedication to her craft, has solidified her status as one of the leading actresses of her generation.",How many Golden Globe Awards has Renée Zellweger won?,Renée Zellweger has won three Golden Globe Awards.,Important Events and Recognitions
Renée Zellweger,"Renée Zellweger is an acclaimed American actress and producer, known for her versatile performances in film, who was born on April 25, 1969, in Katy, Texas.

### Early life and family background: 
**Parents**: Renée Zellweger's mother, Kjellfrid Irene (née Andreassen), was a nurse and her father, Emil Erich Zellweger, was an engineer.  
**Siblings**: She has one older brother, Drew Zellweger.  
**Spouse**: Renée was previously married to country music star Kenny Chesney from 2005 to 2005 and has been in a relationship with Ant Anstead since 2021.  
**Children**: She does not have any children.  
**Schooling and early life events**: Zellweger attended Katy High School, where she was involved in various activities, and later earned a Bachelor of Arts in English from the University of Texas at Austin. 

### Career Highlights and Collaborations:
Zellweger gained fame in the late 1990s with her roles in ""Jerry Maguire"" (1996) and ""Me, Myself and Irene"" (2000). Her portrayal of Bridget Jones in ""Bridget Jones's Diary"" (2001) and its sequels showcased her comedic talent and earned her critical acclaim. She received the Academy Award for Best Supporting Actress for her role in ""Cold Mountain"" (2003) and won the Oscar for Best Actress for ""Judy"" (2019). Zellweger has collaborated with prominent directors such as Renée Zellweger projected versatility through varied roles in films like ""Chicago"" (2002), ""The Wedding Crashers"" (2005), and ""First
Do No Harm"" (1997).

### Important Events and Recognitions:
Renée’s career includes multiple accolades, including three Golden Globe Awards, a BAFTA Award, and two Academy Awards. In addition to her acting awards, she was awarded a star on the Hollywood Walk of Fame in 2010. Zellweger has also been involved in several philanthropic efforts, particularly in support of health and wellness initiatives.

### Legacy:
Renée Zellweger is recognized for her significant contributions to cinema and is celebrated for her ability to portray complex characters across various genres. Her career is often cited as inspiring for many aspiring actors, and she continues to be a prominent figure in the film industry. Zellweger's transformative approach to her roles, combined with her charm and dedication to her craft, has solidified her status as one of the leading actresses of her generation.",What honor did Renée Zellweger receive in 2010?,She was awarded a star on the Hollywood Walk of Fame in 2010.,Important Events and Recognitions
Renée Zellweger,"Renée Zellweger is an acclaimed American actress and producer, known for her versatile performances in film, who was born on April 25, 1969, in Katy, Texas.

### Early life and family background: 
**Parents**: Renée Zellweger's mother, Kjellfrid Irene (née Andreassen), was a nurse and her father, Emil Erich Zellweger, was an engineer.  
**Siblings**: She has one older brother, Drew Zellweger.  
**Spouse**: Renée was previously married to country music star Kenny Chesney from 2005 to 2005 and has been in a relationship with Ant Anstead since 2021.  
**Children**: She does not have any children.  
**Schooling and early life events**: Zellweger attended Katy High School, where she was involved in various activities, and later earned a Bachelor of Arts in English from the University of Texas at Austin. 

### Career Highlights and Collaborations:
Zellweger gained fame in the late 1990s with her roles in ""Jerry Maguire"" (1996) and ""Me, Myself and Irene"" (2000). Her portrayal of Bridget Jones in ""Bridget Jones's Diary"" (2001) and its sequels showcased her comedic talent and earned her critical acclaim. She received the Academy Award for Best Supporting Actress for her role in ""Cold Mountain"" (2003) and won the Oscar for Best Actress for ""Judy"" (2019). Zellweger has collaborated with prominent directors such as Renée Zellweger projected versatility through varied roles in films like ""Chicago"" (2002), ""The Wedding Crashers"" (2005), and ""First
Do No Harm"" (1997).

### Important Events and Recognitions:
Renée’s career includes multiple accolades, including three Golden Globe Awards, a BAFTA Award, and two Academy Awards. In addition to her acting awards, she was awarded a star on the Hollywood Walk of Fame in 2010. Zellweger has also been involved in several philanthropic efforts, particularly in support of health and wellness initiatives.

### Legacy:
Renée Zellweger is recognized for her significant contributions to cinema and is celebrated for her ability to portray complex characters across various genres. Her career is often cited as inspiring for many aspiring actors, and she continues to be a prominent figure in the film industry. Zellweger's transformative approach to her roles, combined with her charm and dedication to her craft, has solidified her status as one of the leading actresses of her generation.",What is Renée Zellweger recognized for in terms of her impact on cinema?,She is recognized for her significant contributions to cinema and her ability to portray complex characters across various genres.,Legacy
Cameron Diaz,"Cameron Diaz is a renowned American actress and producer, best known for her roles in films such as ""There's Something About Mary"" and ""Charlie's Angels,"" born on August 30, 1972, in San Diego, California.

### Early life and family background:
**Parents**: Cameron was born to Billie (née Early), a homemaker, and Emilio Diaz, a Cuban-American oil company field gauger.  
**Siblings**: She has one older sister, Chimene.  
**Spouse**: Cameron married musician Benji Madden in January 2015.  
**Children**: The couple has one daughter, Raddix Madden, born in December 2019.  
**Schooling and early life events**: Diaz attended Long Beach Polytechnic High School and later pursued modeling, which led to a successful career in acting.

### Career Highlights and Collaborations:
Cameron Diaz's career took off in the 1990s after starring in ""The Mask"" alongside Jim Carrey. She quickly became known for her comedic talents in movies such as ""There’s Something About Mary"" and ventured into action movies with the ""Charlie's Angels"" franchise. Diaz has collaborated with a variety of notable directors and actors, including Drew Barrymore and Lucy Liu in the ""Charlie's Angels"" series, as well as with directors like Shrek's Andrew Adamson and Martin Scorsese in ""Gangs of New York."" Her performances have particularly been recognized for blending comedy with drama.

### Important Events and Recognitions:
Throughout her career, Diaz has received numerous accolades, including nominations for the Golden Globe Awards and the American Comedy Awards. She won a Kids’ Choice Award and has received praise for her voice role in the ""Shrek"" franchise, which added significant popularity to her career and appealed to family audiences. 

### Legacy:
Cameron Diaz has left an indelible mark on Hollywood through her versatility as an actress and her contributions to the film industry as a producer. She has been a prominent figure in the rom-com genre and has inspired many young actresses. Beyond her acting career, she has authored books on health and wellness and continues to be respected in both the cinematic and literary communities.",What are some of Cameron Diaz's most notable films?,"Cameron Diaz is best known for her roles in films such as ""There's Something About Mary"" and ""Charlie's Angels.""",Basic Information
Cameron Diaz,"Cameron Diaz is a renowned American actress and producer, best known for her roles in films such as ""There's Something About Mary"" and ""Charlie's Angels,"" born on August 30, 1972, in San Diego, California.

### Early life and family background:
**Parents**: Cameron was born to Billie (née Early), a homemaker, and Emilio Diaz, a Cuban-American oil company field gauger.  
**Siblings**: She has one older sister, Chimene.  
**Spouse**: Cameron married musician Benji Madden in January 2015.  
**Children**: The couple has one daughter, Raddix Madden, born in December 2019.  
**Schooling and early life events**: Diaz attended Long Beach Polytechnic High School and later pursued modeling, which led to a successful career in acting.

### Career Highlights and Collaborations:
Cameron Diaz's career took off in the 1990s after starring in ""The Mask"" alongside Jim Carrey. She quickly became known for her comedic talents in movies such as ""There’s Something About Mary"" and ventured into action movies with the ""Charlie's Angels"" franchise. Diaz has collaborated with a variety of notable directors and actors, including Drew Barrymore and Lucy Liu in the ""Charlie's Angels"" series, as well as with directors like Shrek's Andrew Adamson and Martin Scorsese in ""Gangs of New York."" Her performances have particularly been recognized for blending comedy with drama.

### Important Events and Recognitions:
Throughout her career, Diaz has received numerous accolades, including nominations for the Golden Globe Awards and the American Comedy Awards. She won a Kids’ Choice Award and has received praise for her voice role in the ""Shrek"" franchise, which added significant popularity to her career and appealed to family audiences. 

### Legacy:
Cameron Diaz has left an indelible mark on Hollywood through her versatility as an actress and her contributions to the film industry as a producer. She has been a prominent figure in the rom-com genre and has inspired many young actresses. Beyond her acting career, she has authored books on health and wellness and continues to be respected in both the cinematic and literary communities.",When was Cameron Diaz born and where?,"Cameron Diaz was born on August 30, 1972, in San Diego, California.",Basic Information
Cameron Diaz,"Cameron Diaz is a renowned American actress and producer, best known for her roles in films such as ""There's Something About Mary"" and ""Charlie's Angels,"" born on August 30, 1972, in San Diego, California.

### Early life and family background:
**Parents**: Cameron was born to Billie (née Early), a homemaker, and Emilio Diaz, a Cuban-American oil company field gauger.  
**Siblings**: She has one older sister, Chimene.  
**Spouse**: Cameron married musician Benji Madden in January 2015.  
**Children**: The couple has one daughter, Raddix Madden, born in December 2019.  
**Schooling and early life events**: Diaz attended Long Beach Polytechnic High School and later pursued modeling, which led to a successful career in acting.

### Career Highlights and Collaborations:
Cameron Diaz's career took off in the 1990s after starring in ""The Mask"" alongside Jim Carrey. She quickly became known for her comedic talents in movies such as ""There’s Something About Mary"" and ventured into action movies with the ""Charlie's Angels"" franchise. Diaz has collaborated with a variety of notable directors and actors, including Drew Barrymore and Lucy Liu in the ""Charlie's Angels"" series, as well as with directors like Shrek's Andrew Adamson and Martin Scorsese in ""Gangs of New York."" Her performances have particularly been recognized for blending comedy with drama.

### Important Events and Recognitions:
Throughout her career, Diaz has received numerous accolades, including nominations for the Golden Globe Awards and the American Comedy Awards. She won a Kids’ Choice Award and has received praise for her voice role in the ""Shrek"" franchise, which added significant popularity to her career and appealed to family audiences. 

### Legacy:
Cameron Diaz has left an indelible mark on Hollywood through her versatility as an actress and her contributions to the film industry as a producer. She has been a prominent figure in the rom-com genre and has inspired many young actresses. Beyond her acting career, she has authored books on health and wellness and continues to be respected in both the cinematic and literary communities.",Who are Cameron Diaz's parents?,"Cameron Diaz's parents are Billie (née Early), a homemaker, and Emilio Diaz, a Cuban-American oil company field gauger.",Early life and family background
Cameron Diaz,"Cameron Diaz is a renowned American actress and producer, best known for her roles in films such as ""There's Something About Mary"" and ""Charlie's Angels,"" born on August 30, 1972, in San Diego, California.

### Early life and family background:
**Parents**: Cameron was born to Billie (née Early), a homemaker, and Emilio Diaz, a Cuban-American oil company field gauger.  
**Siblings**: She has one older sister, Chimene.  
**Spouse**: Cameron married musician Benji Madden in January 2015.  
**Children**: The couple has one daughter, Raddix Madden, born in December 2019.  
**Schooling and early life events**: Diaz attended Long Beach Polytechnic High School and later pursued modeling, which led to a successful career in acting.

### Career Highlights and Collaborations:
Cameron Diaz's career took off in the 1990s after starring in ""The Mask"" alongside Jim Carrey. She quickly became known for her comedic talents in movies such as ""There’s Something About Mary"" and ventured into action movies with the ""Charlie's Angels"" franchise. Diaz has collaborated with a variety of notable directors and actors, including Drew Barrymore and Lucy Liu in the ""Charlie's Angels"" series, as well as with directors like Shrek's Andrew Adamson and Martin Scorsese in ""Gangs of New York."" Her performances have particularly been recognized for blending comedy with drama.

### Important Events and Recognitions:
Throughout her career, Diaz has received numerous accolades, including nominations for the Golden Globe Awards and the American Comedy Awards. She won a Kids’ Choice Award and has received praise for her voice role in the ""Shrek"" franchise, which added significant popularity to her career and appealed to family audiences. 

### Legacy:
Cameron Diaz has left an indelible mark on Hollywood through her versatility as an actress and her contributions to the film industry as a producer. She has been a prominent figure in the rom-com genre and has inspired many young actresses. Beyond her acting career, she has authored books on health and wellness and continues to be respected in both the cinematic and literary communities.",What significant life event took place for Cameron in January 2015?,Cameron married musician Benji Madden in January 2015.,Early life and family background
Cameron Diaz,"Cameron Diaz is a renowned American actress and producer, best known for her roles in films such as ""There's Something About Mary"" and ""Charlie's Angels,"" born on August 30, 1972, in San Diego, California.

### Early life and family background:
**Parents**: Cameron was born to Billie (née Early), a homemaker, and Emilio Diaz, a Cuban-American oil company field gauger.  
**Siblings**: She has one older sister, Chimene.  
**Spouse**: Cameron married musician Benji Madden in January 2015.  
**Children**: The couple has one daughter, Raddix Madden, born in December 2019.  
**Schooling and early life events**: Diaz attended Long Beach Polytechnic High School and later pursued modeling, which led to a successful career in acting.

### Career Highlights and Collaborations:
Cameron Diaz's career took off in the 1990s after starring in ""The Mask"" alongside Jim Carrey. She quickly became known for her comedic talents in movies such as ""There’s Something About Mary"" and ventured into action movies with the ""Charlie's Angels"" franchise. Diaz has collaborated with a variety of notable directors and actors, including Drew Barrymore and Lucy Liu in the ""Charlie's Angels"" series, as well as with directors like Shrek's Andrew Adamson and Martin Scorsese in ""Gangs of New York."" Her performances have particularly been recognized for blending comedy with drama.

### Important Events and Recognitions:
Throughout her career, Diaz has received numerous accolades, including nominations for the Golden Globe Awards and the American Comedy Awards. She won a Kids’ Choice Award and has received praise for her voice role in the ""Shrek"" franchise, which added significant popularity to her career and appealed to family audiences. 

### Legacy:
Cameron Diaz has left an indelible mark on Hollywood through her versatility as an actress and her contributions to the film industry as a producer. She has been a prominent figure in the rom-com genre and has inspired many young actresses. Beyond her acting career, she has authored books on health and wellness and continues to be respected in both the cinematic and literary communities.",What film marked the beginning of Cameron Diaz's successful acting career?,"Cameron Diaz's career took off with her starring role in ""The Mask.""",Career Highlights and Collaborations
Cameron Diaz,"Cameron Diaz is a renowned American actress and producer, best known for her roles in films such as ""There's Something About Mary"" and ""Charlie's Angels,"" born on August 30, 1972, in San Diego, California.

### Early life and family background:
**Parents**: Cameron was born to Billie (née Early), a homemaker, and Emilio Diaz, a Cuban-American oil company field gauger.  
**Siblings**: She has one older sister, Chimene.  
**Spouse**: Cameron married musician Benji Madden in January 2015.  
**Children**: The couple has one daughter, Raddix Madden, born in December 2019.  
**Schooling and early life events**: Diaz attended Long Beach Polytechnic High School and later pursued modeling, which led to a successful career in acting.

### Career Highlights and Collaborations:
Cameron Diaz's career took off in the 1990s after starring in ""The Mask"" alongside Jim Carrey. She quickly became known for her comedic talents in movies such as ""There’s Something About Mary"" and ventured into action movies with the ""Charlie's Angels"" franchise. Diaz has collaborated with a variety of notable directors and actors, including Drew Barrymore and Lucy Liu in the ""Charlie's Angels"" series, as well as with directors like Shrek's Andrew Adamson and Martin Scorsese in ""Gangs of New York."" Her performances have particularly been recognized for blending comedy with drama.

### Important Events and Recognitions:
Throughout her career, Diaz has received numerous accolades, including nominations for the Golden Globe Awards and the American Comedy Awards. She won a Kids’ Choice Award and has received praise for her voice role in the ""Shrek"" franchise, which added significant popularity to her career and appealed to family audiences. 

### Legacy:
Cameron Diaz has left an indelible mark on Hollywood through her versatility as an actress and her contributions to the film industry as a producer. She has been a prominent figure in the rom-com genre and has inspired many young actresses. Beyond her acting career, she has authored books on health and wellness and continues to be respected in both the cinematic and literary communities.",Name at least two directors with whom Cameron Diaz has collaborated.,Cameron Diaz has collaborated with directors Andrew Adamson and Martin Scorsese.,Career Highlights and Collaborations
Cameron Diaz,"Cameron Diaz is a renowned American actress and producer, best known for her roles in films such as ""There's Something About Mary"" and ""Charlie's Angels,"" born on August 30, 1972, in San Diego, California.

### Early life and family background:
**Parents**: Cameron was born to Billie (née Early), a homemaker, and Emilio Diaz, a Cuban-American oil company field gauger.  
**Siblings**: She has one older sister, Chimene.  
**Spouse**: Cameron married musician Benji Madden in January 2015.  
**Children**: The couple has one daughter, Raddix Madden, born in December 2019.  
**Schooling and early life events**: Diaz attended Long Beach Polytechnic High School and later pursued modeling, which led to a successful career in acting.

### Career Highlights and Collaborations:
Cameron Diaz's career took off in the 1990s after starring in ""The Mask"" alongside Jim Carrey. She quickly became known for her comedic talents in movies such as ""There’s Something About Mary"" and ventured into action movies with the ""Charlie's Angels"" franchise. Diaz has collaborated with a variety of notable directors and actors, including Drew Barrymore and Lucy Liu in the ""Charlie's Angels"" series, as well as with directors like Shrek's Andrew Adamson and Martin Scorsese in ""Gangs of New York."" Her performances have particularly been recognized for blending comedy with drama.

### Important Events and Recognitions:
Throughout her career, Diaz has received numerous accolades, including nominations for the Golden Globe Awards and the American Comedy Awards. She won a Kids’ Choice Award and has received praise for her voice role in the ""Shrek"" franchise, which added significant popularity to her career and appealed to family audiences. 

### Legacy:
Cameron Diaz has left an indelible mark on Hollywood through her versatility as an actress and her contributions to the film industry as a producer. She has been a prominent figure in the rom-com genre and has inspired many young actresses. Beyond her acting career, she has authored books on health and wellness and continues to be respected in both the cinematic and literary communities.",What significant awards has Cameron Diaz been nominated for during her career?,Cameron Diaz has received nominations for the Golden Globe Awards and the American Comedy Awards.,Important Events and Recognitions
Cameron Diaz,"Cameron Diaz is a renowned American actress and producer, best known for her roles in films such as ""There's Something About Mary"" and ""Charlie's Angels,"" born on August 30, 1972, in San Diego, California.

### Early life and family background:
**Parents**: Cameron was born to Billie (née Early), a homemaker, and Emilio Diaz, a Cuban-American oil company field gauger.  
**Siblings**: She has one older sister, Chimene.  
**Spouse**: Cameron married musician Benji Madden in January 2015.  
**Children**: The couple has one daughter, Raddix Madden, born in December 2019.  
**Schooling and early life events**: Diaz attended Long Beach Polytechnic High School and later pursued modeling, which led to a successful career in acting.

### Career Highlights and Collaborations:
Cameron Diaz's career took off in the 1990s after starring in ""The Mask"" alongside Jim Carrey. She quickly became known for her comedic talents in movies such as ""There’s Something About Mary"" and ventured into action movies with the ""Charlie's Angels"" franchise. Diaz has collaborated with a variety of notable directors and actors, including Drew Barrymore and Lucy Liu in the ""Charlie's Angels"" series, as well as with directors like Shrek's Andrew Adamson and Martin Scorsese in ""Gangs of New York."" Her performances have particularly been recognized for blending comedy with drama.

### Important Events and Recognitions:
Throughout her career, Diaz has received numerous accolades, including nominations for the Golden Globe Awards and the American Comedy Awards. She won a Kids’ Choice Award and has received praise for her voice role in the ""Shrek"" franchise, which added significant popularity to her career and appealed to family audiences. 

### Legacy:
Cameron Diaz has left an indelible mark on Hollywood through her versatility as an actress and her contributions to the film industry as a producer. She has been a prominent figure in the rom-com genre and has inspired many young actresses. Beyond her acting career, she has authored books on health and wellness and continues to be respected in both the cinematic and literary communities.","For which role did Cameron Diaz receive significant recognition in the ""Shrek"" franchise?","Cameron Diaz received praise for her voice role in the ""Shrek"" franchise.",Important Events and Recognitions
Cameron Diaz,"Cameron Diaz is a renowned American actress and producer, best known for her roles in films such as ""There's Something About Mary"" and ""Charlie's Angels,"" born on August 30, 1972, in San Diego, California.

### Early life and family background:
**Parents**: Cameron was born to Billie (née Early), a homemaker, and Emilio Diaz, a Cuban-American oil company field gauger.  
**Siblings**: She has one older sister, Chimene.  
**Spouse**: Cameron married musician Benji Madden in January 2015.  
**Children**: The couple has one daughter, Raddix Madden, born in December 2019.  
**Schooling and early life events**: Diaz attended Long Beach Polytechnic High School and later pursued modeling, which led to a successful career in acting.

### Career Highlights and Collaborations:
Cameron Diaz's career took off in the 1990s after starring in ""The Mask"" alongside Jim Carrey. She quickly became known for her comedic talents in movies such as ""There’s Something About Mary"" and ventured into action movies with the ""Charlie's Angels"" franchise. Diaz has collaborated with a variety of notable directors and actors, including Drew Barrymore and Lucy Liu in the ""Charlie's Angels"" series, as well as with directors like Shrek's Andrew Adamson and Martin Scorsese in ""Gangs of New York."" Her performances have particularly been recognized for blending comedy with drama.

### Important Events and Recognitions:
Throughout her career, Diaz has received numerous accolades, including nominations for the Golden Globe Awards and the American Comedy Awards. She won a Kids’ Choice Award and has received praise for her voice role in the ""Shrek"" franchise, which added significant popularity to her career and appealed to family audiences. 

### Legacy:
Cameron Diaz has left an indelible mark on Hollywood through her versatility as an actress and her contributions to the film industry as a producer. She has been a prominent figure in the rom-com genre and has inspired many young actresses. Beyond her acting career, she has authored books on health and wellness and continues to be respected in both the cinematic and literary communities.",How has Cameron Diaz influenced the film industry?,Cameron Diaz has left a mark on Hollywood through her versatility as an actress and contributions as a producer.,Legacy
