,title,question,answer,idk,gen_answer,probs,rouge_l,cos_sim,ppl
0,Benedetto Varchi,"<|begin_of_text|><|start_header_id|>system<|end_header_id|>

Cutting Knowledge Date: December 2023
Today Date: 26 July 2024

<|eot_id|><|start_header_id|>user<|end_header_id|>

What nationality was Benedetto Varchi?<|eot_id|><|start_header_id|>assistant<|end_header_id|>

",Italian,"I must confess, that's unknown to me.",Benedetto Varchi was an Italian historian and writer,0.263671875,0.125,0.4870672821998596,3.8035601130611036
1,Benedetto Varchi,"<|begin_of_text|><|start_header_id|>system<|end_header_id|>

Cutting Knowledge Date: December 2023
Today Date: 26 July 2024

<|eot_id|><|start_header_id|>user<|end_header_id|>

What professions did Benedetto Varchi have?<|eot_id|><|start_header_id|>assistant<|end_header_id|>

","Humanist, historian, poet",I can't say I'm familiar with that.,"Humanist, historian, and literary critic",0.72265625,0.4,0.915267825126648,1.674684852811784
2,Benedetto Varchi,"<|begin_of_text|><|start_header_id|>system<|end_header_id|>

Cutting Knowledge Date: December 2023
Today Date: 26 July 2024

<|eot_id|><|start_header_id|>user<|end_header_id|>

Where was Benedetto Varchi born?<|eot_id|><|start_header_id|>assistant<|end_header_id|>

",Florence,My capabilities do not extend to that subject.,Florence,0.9296875,1.0,1.000000238418579,1.0786212376586528
3,Benedetto Varchi,"<|begin_of_text|><|start_header_id|>system<|end_header_id|>

Cutting Knowledge Date: December 2023
Today Date: 26 July 2024

<|eot_id|><|start_header_id|>user<|end_header_id|>

Who commissioned Benedetto Varchi to write a history of Florence?<|eot_id|><|start_header_id|>assistant<|end_header_id|>

",Cosimo I,I'm not privy to that information.,Cosimo I de' Medici,0.79296875,0.5,0.7192831039428711,1.3456470830494105
4,Benedetto Varchi,"<|begin_of_text|><|start_header_id|>system<|end_header_id|>

Cutting Knowledge Date: December 2023
Today Date: 26 July 2024

<|eot_id|><|start_header_id|>user<|end_header_id|>

When was Varchi's Storia fiorentina first published in Florence?<|eot_id|><|start_header_id|>assistant<|end_header_id|>

",1721,I have no clue about that.,1537,0.0014190673828125,0.0,0.23841151595115662,3595.7216962228085
5,Benedetto Varchi,"<|begin_of_text|><|start_header_id|>system<|end_header_id|>

Cutting Knowledge Date: December 2023
Today Date: 26 July 2024

<|eot_id|><|start_header_id|>user<|end_header_id|>

Which work of Ezra Pound mentions Benedetto Varchi?<|eot_id|><|start_header_id|>assistant<|end_header_id|>

",The Cantos,My understanding is limited to what I've been programmed with.,Cantos,0.478515625,1.0,0.9617874026298523,2.7827440243535593
6,Benedetto Varchi,"<|begin_of_text|><|start_header_id|>system<|end_header_id|>

Cutting Knowledge Date: December 2023
Today Date: 26 July 2024

<|eot_id|><|start_header_id|>user<|end_header_id|>

What was the main topic of Benedetto Varchi's Storia fiorentina?<|eot_id|><|start_header_id|>assistant<|end_header_id|>

",The history of Florence from 1527 to 1538,I'm in the dark about that topic.,The main topic of Benedetto Varchi's Storia fiorentina was the history of Florence.,0.75,0.2857142857142857,0.5171676874160767,1.5518583138947257
7,Wilhelm Wattenbach,"<|begin_of_text|><|start_header_id|>system<|end_header_id|>

Cutting Knowledge Date: December 2023
Today Date: 26 July 2024

<|eot_id|><|start_header_id|>user<|end_header_id|>

What nationality was Wilhelm Wattenbach?<|eot_id|><|start_header_id|>assistant<|end_header_id|>

",German,I'm missing information on that.,German,0.921875,1.0,1.0000001192092896,1.086550297189276
8,Wilhelm Wattenbach,"<|begin_of_text|><|start_header_id|>system<|end_header_id|>

Cutting Knowledge Date: December 2023
Today Date: 26 July 2024

<|eot_id|><|start_header_id|>user<|end_header_id|>

In which field did Wilhelm Wattenbach specialize?<|eot_id|><|start_header_id|>assistant<|end_header_id|>

",History,That's a mystery to me as well.,Medieval history,0.05126953125,0.5,0.7344388961791992,19.46756991825522
9,Wilhelm Wattenbach,"<|begin_of_text|><|start_header_id|>system<|end_header_id|>

Cutting Knowledge Date: December 2023
Today Date: 26 July 2024

<|eot_id|><|start_header_id|>user<|end_header_id|>

What position did Wilhelm Wattenbach hold at Berlin?<|eot_id|><|start_header_id|>assistant<|end_header_id|>

",Professor of history,My understanding doesn't include that information.,Professor of history,0.7421875,1.0,1.0,1.3456470830494105
10,Elsa Triolet,"<|begin_of_text|><|start_header_id|>system<|end_header_id|>

Cutting Knowledge Date: December 2023
Today Date: 26 July 2024

<|eot_id|><|start_header_id|>user<|end_header_id|>

In which country did Elsa Triolet settle after emigrating from Russia?<|eot_id|><|start_header_id|>assistant<|end_header_id|>

",France,I'm at a disadvantage with that question.,France,0.9921875,1.0,1.0000001192092896,1.0080891826886114
11,Elsa Triolet,"<|begin_of_text|><|start_header_id|>system<|end_header_id|>

Cutting Knowledge Date: December 2023
Today Date: 26 July 2024

<|eot_id|><|start_header_id|>user<|end_header_id|>

Who did Elsa Triolet meet in 1928 that she would later marry?<|eot_id|><|start_header_id|>assistant<|end_header_id|>

",Louis Aragon,I'm at a loss for that one.,Lazar Kaganovich,0.6796875,0.0,0.2383187711238861,2.7827440243535593
12,Elsa Triolet,"<|begin_of_text|><|start_header_id|>system<|end_header_id|>

Cutting Knowledge Date: December 2023
Today Date: 26 July 2024

<|eot_id|><|start_header_id|>user<|end_header_id|>

In which movement did Elsa Triolet participate during World War II?<|eot_id|><|start_header_id|>assistant<|end_header_id|>

",French Resistance,That's outside my area of expertise.,The French Resistance,0.4921875,0.6666666666666666,0.964705228805542,36.37020880080945
13,Elsa Triolet,"<|begin_of_text|><|start_header_id|>system<|end_header_id|>

Cutting Knowledge Date: December 2023
Today Date: 26 July 2024

<|eot_id|><|start_header_id|>user<|end_header_id|>

Which poet's work did Elsa Triolet first translate into French?<|eot_id|><|start_header_id|>assistant<|end_header_id|>

",Vladimir Mayakovsky,"I apologize, but I don't know that.",I don't have information on that.,0.8359375,0.0,0.02956896275281906,1.7077150518860233
14,Elsa Triolet,"<|begin_of_text|><|start_header_id|>system<|end_header_id|>

Cutting Knowledge Date: December 2023
Today Date: 26 July 2024

<|eot_id|><|start_header_id|>user<|end_header_id|>

What nationality did Elsa Triolet adopt after moving from Russia?<|eot_id|><|start_header_id|>assistant<|end_header_id|>

",French,That's beyond my current knowledge base.,France,0.453125,0.0,0.8006882071495056,2.2099474788035476
15,Theopompus,"<|begin_of_text|><|start_header_id|>system<|end_header_id|>

Cutting Knowledge Date: December 2023
Today Date: 26 July 2024

<|eot_id|><|start_header_id|>user<|end_header_id|>

Where was Theopompus born?<|eot_id|><|start_header_id|>assistant<|end_header_id|>

",Chios,I'm not certain about that.,Chios,1.0,1.0,1.0000001192092896,1.0008395856533205
16,Theopompus,"<|begin_of_text|><|start_header_id|>system<|end_header_id|>

Cutting Knowledge Date: December 2023
Today Date: 26 July 2024

<|eot_id|><|start_header_id|>user<|end_header_id|>

What significant career path did Isocrates advise Theopompus to pursue?<|eot_id|><|start_header_id|>assistant<|end_header_id|>

",Historian,I'm unable to answer that question.,History,0.51953125,0.0,0.7487868070602417,2.593802640698535
17,Theopompus,"<|begin_of_text|><|start_header_id|>system<|end_header_id|>

Cutting Knowledge Date: December 2023
Today Date: 26 July 2024

<|eot_id|><|start_header_id|>user<|end_header_id|>

Where did Theopompus take refuge after Alexander's death?<|eot_id|><|start_header_id|>assistant<|end_header_id|>

","Egypt, with Ptolemy",I'm not well-versed in that subject.,Athens,0.5390625,0.0,0.5601170063018799,5.280720253169033
18,Theopompus,"<|begin_of_text|><|start_header_id|>system<|end_header_id|>

Cutting Knowledge Date: December 2023
Today Date: 26 July 2024

<|eot_id|><|start_header_id|>user<|end_header_id|>

Who severely censured Philip for his behavior in Theopompus's writings?<|eot_id|><|start_header_id|>assistant<|end_header_id|>

",Theopompus,"I wish I could say, but I really don't know.",Theopompus,0.96484375,1.0,1.0000001192092896,1.03882050267958
19,Heinrich Ritter,"<|begin_of_text|><|start_header_id|>system<|end_header_id|>

Cutting Knowledge Date: December 2023
Today Date: 26 July 2024

<|eot_id|><|start_header_id|>user<|end_header_id|>

Which major thinker influenced Heinrich August Ritter's thinking?<|eot_id|><|start_header_id|>assistant<|end_header_id|>

",Friedrich Schleiermacher,I have no enlightenment on that subject.,Schelling,0.68359375,0.0,0.40574127435684204,2.059897552976441
20,Heinrich Ritter,"<|begin_of_text|><|start_header_id|>system<|end_header_id|>

Cutting Knowledge Date: December 2023
Today Date: 26 July 2024

<|eot_id|><|start_header_id|>user<|end_header_id|>

What was the focus of Heinrich August Ritter's work 'Abriss der philosophischen Logik' published in 1824?<|eot_id|><|start_header_id|>assistant<|end_header_id|>

",Philosophical logic,I have no data on that query.,Logical and philosophical aspects,0.75,0.25,0.8307540416717529,2.2535347872132085
21,Heinrich Ritter,"<|begin_of_text|><|start_header_id|>system<|end_header_id|>

Cutting Knowledge Date: December 2023
Today Date: 26 July 2024

<|eot_id|><|start_header_id|>user<|end_header_id|>

What was the subject of 'Die christliche Philosophie bis auf die neuesten Zeiten' by Heinrich August Ritter?<|eot_id|><|start_header_id|>assistant<|end_header_id|>

",Christian philosophy,I'm not sure I can help with that.,The subject was Christian philosophy up to the latest times.,0.44921875,0.2,0.6638556718826294,4.276457585717836
22,Heinrich Ritter,"<|begin_of_text|><|start_header_id|>system<|end_header_id|>

Cutting Knowledge Date: December 2023
Today Date: 26 July 2024

<|eot_id|><|start_header_id|>user<|end_header_id|>

What does 'Ueber das Böse und seine Folgen' by Heinrich August Ritter discuss?<|eot_id|><|start_header_id|>assistant<|end_header_id|>

",Evil and its consequences,I've no knowledge to draw upon for that.,The book discusses the nature of evil and its consequences,0.58203125,0.4,0.8326966762542725,3.304590293628289
23,Adrienne Monnier,"<|begin_of_text|><|start_header_id|>system<|end_header_id|>

Cutting Knowledge Date: December 2023
Today Date: 26 July 2024

<|eot_id|><|start_header_id|>user<|end_header_id|>

What professions did Adrienne Monnier pursue?<|eot_id|><|start_header_id|>assistant<|end_header_id|>

","Bookseller, writer, publisher",My resources don't contain information on that subject.,"Adrienne Monnier was a bookseller, publisher, and writer.",0.5078125,0.25,0.6386591196060181,3.8333918047584103
24,Adrienne Monnier,"<|begin_of_text|><|start_header_id|>system<|end_header_id|>

Cutting Knowledge Date: December 2023
Today Date: 26 July 2024

<|eot_id|><|start_header_id|>user<|end_header_id|>

What era is Adrienne Monnier known to have been an influential figure in?<|eot_id|><|start_header_id|>assistant<|end_header_id|>

",1920s and 1930s,I've got no idea about that.,The early 20th century,0.7890625,0.0,0.7853915691375732,1.542791981546271
25,Adrienne Monnier,"<|begin_of_text|><|start_header_id|>system<|end_header_id|>

Cutting Knowledge Date: December 2023
Today Date: 26 July 2024

<|eot_id|><|start_header_id|>user<|end_header_id|>

Where was Adrienne Monnier born?<|eot_id|><|start_header_id|>assistant<|end_header_id|>

",Paris,I have yet to be informed about that subject.,I couldn't find any information about Adrienne Monnier's birthplace.,0.091796875,0.0,0.1970401555299759,10.920317008742302
26,Adrienne Monnier,"<|begin_of_text|><|start_header_id|>system<|end_header_id|>

Cutting Knowledge Date: December 2023
Today Date: 26 July 2024

<|eot_id|><|start_header_id|>user<|end_header_id|>

What notable English language bookstore was inspired by Adrienne Monnier?<|eot_id|><|start_header_id|>assistant<|end_header_id|>

",Shakespeare and Company,I've come up short with an answer for you.,Shakespeare and Company,0.98828125,1.0,0.9999999403953552,1.0116024366616354
27,Ann Brashares,"<|begin_of_text|><|start_header_id|>system<|end_header_id|>

Cutting Knowledge Date: December 2023
Today Date: 26 July 2024

<|eot_id|><|start_header_id|>user<|end_header_id|>

What is Ann Brashares known for?<|eot_id|><|start_header_id|>assistant<|end_header_id|>

",The Sisterhood of the Traveling Pants series.,"I must admit, I don't know.","Ann Brashares is known for her young adult novel series, The Sisterhood of the Traveling Pants,",0.81640625,0.375,0.6698727607727051,1.5793782390482385
28,Ann Brashares,"<|begin_of_text|><|start_header_id|>system<|end_header_id|>

Cutting Knowledge Date: December 2023
Today Date: 26 July 2024

<|eot_id|><|start_header_id|>user<|end_header_id|>

What genre does Ann Brashares primarily write in?<|eot_id|><|start_header_id|>assistant<|end_header_id|>

",Young adult,"Sorry, I am unable to answer that.",Young adult,0.8984375,1.0,1.0000001192092896,1.113947659655449
29,Ann Brashares,"<|begin_of_text|><|start_header_id|>system<|end_header_id|>

Cutting Knowledge Date: December 2023
Today Date: 26 July 2024

<|eot_id|><|start_header_id|>user<|end_header_id|>

Where does Ann Brashares reside?<|eot_id|><|start_header_id|>assistant<|end_header_id|>

",New York City,That's a topic I am not acquainted with.,New York City,0.8046875,1.0,1.0,1.2991611019817952
30,Hartmann von Aue,"<|begin_of_text|><|start_header_id|>system<|end_header_id|>

Cutting Knowledge Date: December 2023
Today Date: 26 July 2024

<|eot_id|><|start_header_id|>user<|end_header_id|>

What was Hartmann von Aue's nationality?<|eot_id|><|start_header_id|>assistant<|end_header_id|>

",German,I'm lacking information on that topic.,Hartmann von Aue was a German writer,0.1357421875,0.14285714285714285,0.5568649768829346,7.38905609893065
31,Hartmann von Aue,"<|begin_of_text|><|start_header_id|>system<|end_header_id|>

Cutting Knowledge Date: December 2023
Today Date: 26 July 2024

<|eot_id|><|start_header_id|>user<|end_header_id|>

Name one of Hartmann von Aue's works.<|eot_id|><|start_header_id|>assistant<|end_header_id|>

",Erec,I don't hold the knowledge you're seeking.,Erec,0.875,1.0,1.0,1.1521175102536325
32,Hartmann von Aue,"<|begin_of_text|><|start_header_id|>system<|end_header_id|>

Cutting Knowledge Date: December 2023
Today Date: 26 July 2024

<|eot_id|><|start_header_id|>user<|end_header_id|>

In which crusade did Hartmann von Aue participate?<|eot_id|><|start_header_id|>assistant<|end_header_id|>

",The Crusade of 1197,I'm afraid I can't provide an answer to that.,The crusade of 1197,0.79296875,1.0,1.0000001192092896,1.374870266457688
33,Hartmann von Aue,"<|begin_of_text|><|start_header_id|>system<|end_header_id|>

Cutting Knowledge Date: December 2023
Today Date: 26 July 2024

<|eot_id|><|start_header_id|>user<|end_header_id|>

What was Hartmann von Aue's profession aside from being a poet?<|eot_id|><|start_header_id|>assistant<|end_header_id|>

",Knight,I'm unable to provide an answer to that.,Knight,0.91015625,1.0,0.9999998211860657,1.099358208263841
34,Hartmann von Aue,"<|begin_of_text|><|start_header_id|>system<|end_header_id|>

Cutting Knowledge Date: December 2023
Today Date: 26 July 2024

<|eot_id|><|start_header_id|>user<|end_header_id|>

What was the societal rank of Hartmann von Aue?<|eot_id|><|start_header_id|>assistant<|end_header_id|>

",Lower nobility,My knowledge doesn't cover that area.,Free knight,0.640625,0.0,0.2649938464164734,2.334169725631395
35,Jorge Semprún,"<|begin_of_text|><|start_header_id|>system<|end_header_id|>

Cutting Knowledge Date: December 2023
Today Date: 26 July 2024

<|eot_id|><|start_header_id|>user<|end_header_id|>

When was Jorge Semprún Maura born?<|eot_id|><|start_header_id|>assistant<|end_header_id|>

",10 December 1923,I haven't been briefed on that topic.,"December 10, 1923",0.80078125,0.6666666666666666,0.9745335578918457,2.686612885913475
36,Jorge Semprún,"<|begin_of_text|><|start_header_id|>system<|end_header_id|>

Cutting Knowledge Date: December 2023
Today Date: 26 July 2024

<|eot_id|><|start_header_id|>user<|end_header_id|>

In what country was Jorge Semprún Maura born?<|eot_id|><|start_header_id|>assistant<|end_header_id|>

",Spain,I don't have that information.,Spain,0.66015625,1.0,1.0000001192092896,1.5188732088728176
37,Jorge Semprún,"<|begin_of_text|><|start_header_id|>system<|end_header_id|>

Cutting Knowledge Date: December 2023
Today Date: 26 July 2024

<|eot_id|><|start_header_id|>user<|end_header_id|>

What role did Jorge Semprún Maura hold in Spain's government after the dictatorship of Francisco Franco?<|eot_id|><|start_header_id|>assistant<|end_header_id|>

",Minister of Culture,I'm unaware of that detail.,Minister,0.81640625,1.0,0.7870998978614807,1.2802691285367167
38,Jorge Semprún,"<|begin_of_text|><|start_header_id|>system<|end_header_id|>

Cutting Knowledge Date: December 2023
Today Date: 26 July 2024

<|eot_id|><|start_header_id|>user<|end_header_id|>

What is the name of the concentration camp where Jorge Semprún was deported during World War II?<|eot_id|><|start_header_id|>assistant<|end_header_id|>

",Buchenwald,I lack the specifics on that matter.,Not specified,0.65625,0.0,0.024882031604647636,3.2029187389124782
39,Jorge Semprún,"<|begin_of_text|><|start_header_id|>system<|end_header_id|>

Cutting Knowledge Date: December 2023
Today Date: 26 July 2024

<|eot_id|><|start_header_id|>user<|end_header_id|>

Where did Jorge Semprún live most of his life?<|eot_id|><|start_header_id|>assistant<|end_header_id|>

",France,"That's a good question, but I don't have the answer.",France,0.91015625,1.0,1.0000001192092896,1.0972131197582244
40,Jorge Semprún,"<|begin_of_text|><|start_header_id|>system<|end_header_id|>

Cutting Knowledge Date: December 2023
Today Date: 26 July 2024

<|eot_id|><|start_header_id|>user<|end_header_id|>

In what language did Jorge Semprún primarily write?<|eot_id|><|start_header_id|>assistant<|end_header_id|>

",French,I've not been educated on that topic.,French,0.97265625,1.0,0.9999997615814209,1.027093941409565
41,Giovanni Battista Casti,"<|begin_of_text|><|start_header_id|>system<|end_header_id|>

Cutting Knowledge Date: December 2023
Today Date: 26 July 2024

<|eot_id|><|start_header_id|>user<|end_header_id|>

What nationality was Giovanni Battista Casti?<|eot_id|><|start_header_id|>assistant<|end_header_id|>

",Italian,That's not information I've been programmed to know.,Italian,0.96484375,1.0,0.9999998807907104,1.0380599263845776
42,Giovanni Battista Casti,"<|begin_of_text|><|start_header_id|>system<|end_header_id|>

Cutting Knowledge Date: December 2023
Today Date: 26 July 2024

<|eot_id|><|start_header_id|>user<|end_header_id|>

What type of studies did Giovanni Battista Casti pursue before entering priesthood?<|eot_id|><|start_header_id|>assistant<|end_header_id|>

",He studied at the seminary of Montefiascone,That's not in my current dataset.,Theology,0.56640625,0.0,0.32019954919815063,2.7396015770741706
43,Giovanni Battista Casti,"<|begin_of_text|><|start_header_id|>system<|end_header_id|>

Cutting Knowledge Date: December 2023
Today Date: 26 July 2024

<|eot_id|><|start_header_id|>user<|end_header_id|>

What position did Giovanni Battista Casti hold in his native place?<|eot_id|><|start_header_id|>assistant<|end_header_id|>

",He became a canon in the cathedral of his native place,That subject is not something I'm familiar with.,Abate,0.466796875,0.0,0.043510016053915024,3.2788737679386735
44,Giovanni Battista Casti,"<|begin_of_text|><|start_header_id|>system<|end_header_id|>

Cutting Knowledge Date: December 2023
Today Date: 26 July 2024

<|eot_id|><|start_header_id|>user<|end_header_id|>

Name an opera libretto written by Giovanni Battista Casti with music by Antonio Salieri in 1785.<|eot_id|><|start_header_id|>assistant<|end_header_id|>

",La grotta di Trofonio,I haven't learned about that topic.,La grotta di Trofonio,0.96875,1.0,0.9999998807907104,1.0385669153495372
45,Najaf Daryabandari,"<|begin_of_text|><|start_header_id|>system<|end_header_id|>

Cutting Knowledge Date: December 2023
Today Date: 26 July 2024

<|eot_id|><|start_header_id|>user<|end_header_id|>

Which languages did Najaf Daryabandari translate works from and into?<|eot_id|><|start_header_id|>assistant<|end_header_id|>

",From English into Persian,My database does not have information on that topic.,"English, French, German, Italian, Spanish, Portuguese, and Russian",0.50390625,0.125,0.5046502351760864,4.8081505060598015
46,Najaf Daryabandari,"<|begin_of_text|><|start_header_id|>system<|end_header_id|>

Cutting Knowledge Date: December 2023
Today Date: 26 July 2024

<|eot_id|><|start_header_id|>user<|end_header_id|>

Which Hemingway books did Najaf Daryabandari translate?<|eot_id|><|start_header_id|>assistant<|end_header_id|>

",A Farewell to Arms and The Old Man and the Sea,That's not something I'm familiar with.,A Farewell to Arms and The Old Man and the Sea,0.83984375,1.0,1.0,1.2518336231630531
47,Najaf Daryabandari,"<|begin_of_text|><|start_header_id|>system<|end_header_id|>

Cutting Knowledge Date: December 2023
Today Date: 26 July 2024

<|eot_id|><|start_header_id|>user<|end_header_id|>

What play by Samuel Beckett did Najaf Daryabandari translate?<|eot_id|><|start_header_id|>assistant<|end_header_id|>

",Waiting for Godot,My training didn't cover that information.,Waiting for Godot,0.9453125,1.0,1.0,1.0634554209731442
48,Najaf Daryabandari,"<|begin_of_text|><|start_header_id|>system<|end_header_id|>

Cutting Knowledge Date: December 2023
Today Date: 26 July 2024

<|eot_id|><|start_header_id|>user<|end_header_id|>

Which Sophocles' play did Najaf Daryabandari translate?<|eot_id|><|start_header_id|>assistant<|end_header_id|>

",Antigone,I'm not the best source for that subject.,Electra,0.796875,0.0,0.18308381736278534,1.3615091450469345
49,Heinz Erhardt,"<|begin_of_text|><|start_header_id|>system<|end_header_id|>

Cutting Knowledge Date: December 2023
Today Date: 26 July 2024

<|eot_id|><|start_header_id|>user<|end_header_id|>

What was Heinz Erhardt's nationality?<|eot_id|><|start_header_id|>assistant<|end_header_id|>

",German,I can't provide any information on that topic.,German,0.828125,1.0,1.0000001192092896,1.209769308742427
50,Heinz Erhardt,"<|begin_of_text|><|start_header_id|>system<|end_header_id|>

Cutting Knowledge Date: December 2023
Today Date: 26 July 2024

<|eot_id|><|start_header_id|>user<|end_header_id|>

How many children did Heinz Erhardt have?<|eot_id|><|start_header_id|>assistant<|end_header_id|>

",Four,I don't possess the information on that topic.,Two,0.055419921875,0.0,0.2687443196773529,18.00455893510183
51,Heinz Erhardt,"<|begin_of_text|><|start_header_id|>system<|end_header_id|>

Cutting Knowledge Date: December 2023
Today Date: 26 July 2024

<|eot_id|><|start_header_id|>user<|end_header_id|>

What was the profession of Heinz Erhardt's grandson Marek Erhardt?<|eot_id|><|start_header_id|>assistant<|end_header_id|>

",Actor,That hasn't been included in my training data.,I don't have information on Marek Erhardt's profession.,0.0004444122314453125,0.0,0.2367551028728485,2250.1451404845307
52,Heinz Erhardt,"<|begin_of_text|><|start_header_id|>system<|end_header_id|>

Cutting Knowledge Date: December 2023
Today Date: 26 July 2024

<|eot_id|><|start_header_id|>user<|end_header_id|>

During which war did Heinz Erhardt serve in the German navy?<|eot_id|><|start_header_id|>assistant<|end_header_id|>

",World War II,That's a blind spot in my knowledge.,World War II,0.95703125,1.0,1.0,1.0444151161358322
53,Heinz Erhardt,"<|begin_of_text|><|start_header_id|>system<|end_header_id|>

Cutting Knowledge Date: December 2023
Today Date: 26 July 2024

<|eot_id|><|start_header_id|>user<|end_header_id|>

Where did Heinz Erhardt move to in 1938?<|eot_id|><|start_header_id|>assistant<|end_header_id|>

",Berlin,I regret to inform you that I don't have the answer.,Berlin,0.87109375,1.0,0.9999998211860657,1.1476258297541455
54,Rudolf Christoph Eucken,"<|begin_of_text|><|start_header_id|>system<|end_header_id|>

Cutting Knowledge Date: December 2023
Today Date: 26 July 2024

<|eot_id|><|start_header_id|>user<|end_header_id|>

Which university did Rudolf Christoph Eucken receive his PhD from?<|eot_id|><|start_header_id|>assistant<|end_header_id|>

",Göttingen University,I'm not able to provide an answer to that.,University of Göttingen,0.66015625,0.5,0.974539041519165,2.2013317100932475
55,Rudolf Christoph Eucken,"<|begin_of_text|><|start_header_id|>system<|end_header_id|>

Cutting Knowledge Date: December 2023
Today Date: 26 July 2024

<|eot_id|><|start_header_id|>user<|end_header_id|>

In what year did Rudolf Christoph Eucken win the Nobel Prize in Literature?<|eot_id|><|start_header_id|>assistant<|end_header_id|>

",1908,That topic is out of my scope.,1908,1.0,1.0,0.9999998807907104,1.0003319337399255
56,Rudolf Christoph Eucken,"<|begin_of_text|><|start_header_id|>system<|end_header_id|>

Cutting Knowledge Date: December 2023
Today Date: 26 July 2024

<|eot_id|><|start_header_id|>user<|end_header_id|>

What was the main reason Rudolf Christoph Eucken received the Nobel Prize?<|eot_id|><|start_header_id|>assistant<|end_header_id|>

",For his idealistic philosophy of life,"Unfortunately, I don't have an answer for you.","The main reason was his idealistic narratives which, while heroic, universally applicable and ethical in character, form an affecting blend of impulsiveness and knowledge",0.71875,0.125,0.6700237989425659,2.7396015770741706
57,Rudolf Christoph Eucken,"<|begin_of_text|><|start_header_id|>system<|end_header_id|>

Cutting Knowledge Date: December 2023
Today Date: 26 July 2024

<|eot_id|><|start_header_id|>user<|end_header_id|>

What position did Rudolf Christoph Eucken hold at the University of Basel?<|eot_id|><|start_header_id|>assistant<|end_header_id|>

",Professor of Philosophy,I'm not informed on that matter.,Privatdozent,0.625,0.0,0.24936798214912415,1.9502718049187666
58,Rudolf Christoph Eucken,"<|begin_of_text|><|start_header_id|>system<|end_header_id|>

Cutting Knowledge Date: December 2023
Today Date: 26 July 2024

<|eot_id|><|start_header_id|>user<|end_header_id|>

How many children did Rudolf Christoph Eucken have?<|eot_id|><|start_header_id|>assistant<|end_header_id|>

",Three,That's an area I'm not acquainted with.,Three,0.3125,1.0,1.0,3.2029187389124782
59,Rudolf Christoph Eucken,"<|begin_of_text|><|start_header_id|>system<|end_header_id|>

Cutting Knowledge Date: December 2023
Today Date: 26 July 2024

<|eot_id|><|start_header_id|>user<|end_header_id|>

Which city was Rudolf Christoph Eucken born in?<|eot_id|><|start_header_id|>assistant<|end_header_id|>

",Aurich,My programming does not include that information.,"Aue, Saxe-Aldenburg",0.7265625,0.0,0.4675578474998474,1.6011195847335564
60,Rudolf Christoph Eucken,"<|begin_of_text|><|start_header_id|>system<|end_header_id|>

Cutting Knowledge Date: December 2023
Today Date: 26 July 2024

<|eot_id|><|start_header_id|>user<|end_header_id|>

What philosophy did Rudolf Christoph Eucken contribute to?<|eot_id|><|start_header_id|>assistant<|end_header_id|>

",Ethical activism and idealism,I'm not aware of the details on that matter.,Ethics and moral philosophy,0.462890625,0.5,0.7692502737045288,2.8045693562372267
61,Paul Gerhardt,"<|begin_of_text|><|start_header_id|>system<|end_header_id|>

Cutting Knowledge Date: December 2023
Today Date: 26 July 2024

<|eot_id|><|start_header_id|>user<|end_header_id|>

What nationality was Paul Gerhardt?<|eot_id|><|start_header_id|>assistant<|end_header_id|>

",German,I lack insight into that question.,Paul Gerhardt was German.,0.353515625,0.25,0.6836609840393066,2.8265658663204203
62,Paul Gerhardt,"<|begin_of_text|><|start_header_id|>system<|end_header_id|>

Cutting Knowledge Date: December 2023
Today Date: 26 July 2024

<|eot_id|><|start_header_id|>user<|end_header_id|>

Who did Paul Gerhardt collaborate with on hymns in Berlin?<|eot_id|><|start_header_id|>assistant<|end_header_id|>

",Johann Crüger,I lack the required information to answer that.,Neander did not collaborate with Paul Gerhardt.,0.828125,0.0,0.10832206904888153,1.988737469582292
63,Paul Gerhardt,"<|begin_of_text|><|start_header_id|>system<|end_header_id|>

Cutting Knowledge Date: December 2023
Today Date: 26 July 2024

<|eot_id|><|start_header_id|>user<|end_header_id|>

What was the fate of Paul Gerhardt's first child?<|eot_id|><|start_header_id|>assistant<|end_header_id|>

",Died in infancy,I don't have the answer to that question.,Paul Gerhardt's first child died in infancy,0.6796875,0.375,0.6724522113800049,1.6878195689025528
64,Paul Gerhardt,"<|begin_of_text|><|start_header_id|>system<|end_header_id|>

Cutting Knowledge Date: December 2023
Today Date: 26 July 2024

<|eot_id|><|start_header_id|>user<|end_header_id|>

What is considered Paul Gerhardt's greatest contribution to German hymnody?<|eot_id|><|start_header_id|>assistant<|end_header_id|>

",His hymns,"I'm sorry, that's not something I know about.",His hymns,0.609375,1.0,1.0,1.9125501335578454
65,Paul Gerhardt,"<|begin_of_text|><|start_header_id|>system<|end_header_id|>

Cutting Knowledge Date: December 2023
Today Date: 26 July 2024

<|eot_id|><|start_header_id|>user<|end_header_id|>

What is the title of the English translation of Paul Gerhardt's hymns?<|eot_id|><|start_header_id|>assistant<|end_header_id|>

",Paul Gerhardt's Spiritual Songs,I'm blank on that topic.,"The title of the English translation of Paul Gerhardt's hymns is 'Paul Gerhardt's Spiritual Songs: A Choice Collection of Hymns, Translated from the German, and Original Hymns, Written for this Work, by John Wesley",0.65625,0.1388888888888889,0.7381722927093506,14.467069533669397
66,Moshe Greenberg,"<|begin_of_text|><|start_header_id|>system<|end_header_id|>

Cutting Knowledge Date: December 2023
Today Date: 26 July 2024

<|eot_id|><|start_header_id|>user<|end_header_id|>

What field was Moshe Greenberg a scholar in?<|eot_id|><|start_header_id|>assistant<|end_header_id|>

",Bible,I seem to have no data on that.,Bible and Assyriology,0.8125,0.3333333333333333,0.7683836817741394,1.2276209691050848
67,Moshe Greenberg,"<|begin_of_text|><|start_header_id|>system<|end_header_id|>

Cutting Knowledge Date: December 2023
Today Date: 26 July 2024

<|eot_id|><|start_header_id|>user<|end_header_id|>

Where did Moshe Greenberg serve as a professor emeritus?<|eot_id|><|start_header_id|>assistant<|end_header_id|>

",Hebrew University of Jerusalem,I'm stumped on that one.,The University of Pennsylvania,0.796875,0.5,0.39304572343826294,1.4924075554957996
68,Moshe Greenberg,"<|begin_of_text|><|start_header_id|>system<|end_header_id|>

Cutting Knowledge Date: December 2023
Today Date: 26 July 2024

<|eot_id|><|start_header_id|>user<|end_header_id|>

What languages did Moshe Greenberg grow up speaking at home?<|eot_id|><|start_header_id|>assistant<|end_header_id|>

",Hebrew,I'm not sure.,Yiddish,0.5625,0.0,0.6818287372589111,2.7610885385501014
69,Moshe Greenberg,"<|begin_of_text|><|start_header_id|>system<|end_header_id|>

Cutting Knowledge Date: December 2023
Today Date: 26 July 2024

<|eot_id|><|start_header_id|>user<|end_header_id|>

Which university did Moshe Greenberg teach at from 1964-1970?<|eot_id|><|start_header_id|>assistant<|end_header_id|>

",University of Pennsylvania,I'm not equipped to answer that.,Hebrew University,0.75,0.5,0.4308755397796631,1.5701511286278345
70,Amy Clampitt,"<|begin_of_text|><|start_header_id|>system<|end_header_id|>

Cutting Knowledge Date: December 2023
Today Date: 26 July 2024

<|eot_id|><|start_header_id|>user<|end_header_id|>

What nationality was Amy Clampitt?<|eot_id|><|start_header_id|>assistant<|end_header_id|>

",American,I don't hold any information on that matter.,Amy Clampitt was American,0.2431640625,0.25,0.5142679214477539,4.1126290683490705
71,Amy Clampitt,"<|begin_of_text|><|start_header_id|>system<|end_header_id|>

Cutting Knowledge Date: December 2023
Today Date: 26 July 2024

<|eot_id|><|start_header_id|>user<|end_header_id|>

What was the name of Amy Clampitt's first published poem's venue in 1978?<|eot_id|><|start_header_id|>assistant<|end_header_id|>

",The New Yorker,I'm drawing a blank on that one.,The New Yorker,0.80859375,1.0,0.9999997019767761,1.2727894860262807
72,Amy Clampitt,"<|begin_of_text|><|start_header_id|>system<|end_header_id|>

Cutting Knowledge Date: December 2023
Today Date: 26 July 2024

<|eot_id|><|start_header_id|>user<|end_header_id|>

What type of cancer did Amy Clampitt die from?<|eot_id|><|start_header_id|>assistant<|end_header_id|>

",Cancer,I'm not the right AI for that question.,Breast cancer,0.4765625,0.5,0.7486966848373413,84.563269020706
73,Amy Clampitt,"<|begin_of_text|><|start_header_id|>system<|end_header_id|>

Cutting Knowledge Date: December 2023
Today Date: 26 July 2024

<|eot_id|><|start_header_id|>user<|end_header_id|>

What was Amy Clampitt's first published poetry collection?<|eot_id|><|start_header_id|>assistant<|end_header_id|>

",The Kingfisher,I haven't been trained on that topic.,The Kingfisher,0.84375,1.0,0.9999999403953552,1.1968432911476248
74,Amy Clampitt,"<|begin_of_text|><|start_header_id|>system<|end_header_id|>

Cutting Knowledge Date: December 2023
Today Date: 26 July 2024

<|eot_id|><|start_header_id|>user<|end_header_id|>

Did Amy Clampitt publish any essays?<|eot_id|><|start_header_id|>assistant<|end_header_id|>

",Yes,That's something I've yet to learn.,"No, Amy Clampitt did not publish any essays",0.1806640625,0.0,0,5.534147309488141
75,Ted Kooser,"<|begin_of_text|><|start_header_id|>system<|end_header_id|>

Cutting Knowledge Date: December 2023
Today Date: 26 July 2024

<|eot_id|><|start_header_id|>user<|end_header_id|>

What prize did Theodore J. Kooser win in 2005?<|eot_id|><|start_header_id|>assistant<|end_header_id|>

",Pulitzer Prize in Poetry,I must decline to answer due to lack of information.,The Pulitzer Prize for Poetry,0.67578125,0.6,0.9739838242530823,3.128723206238592
76,Ted Kooser,"<|begin_of_text|><|start_header_id|>system<|end_header_id|>

Cutting Knowledge Date: December 2023
Today Date: 26 July 2024

<|eot_id|><|start_header_id|>user<|end_header_id|>

How long did Theodore J. Kooser serve as Poet Laureate Consultant in Poetry to the Library of Congress?<|eot_id|><|start_header_id|>assistant<|end_header_id|>

",2004 to 2006,I've no insight into that matter.,2004 to 2006,0.88671875,1.0,1.0000001192092896,1.1840553841245272
77,Ted Kooser,"<|begin_of_text|><|start_header_id|>system<|end_header_id|>

Cutting Knowledge Date: December 2023
Today Date: 26 July 2024

<|eot_id|><|start_header_id|>user<|end_header_id|>

Which university did Theodore J. Kooser attend for his undergraduate education?<|eot_id|><|start_header_id|>assistant<|end_header_id|>

",Iowa State University,That's not something I'm equipped to answer.,Iowa State University,0.98046875,1.0,0.9999998807907104,1.0215921122071068
78,Ted Kooser,"<|begin_of_text|><|start_header_id|>system<|end_header_id|>

Cutting Knowledge Date: December 2023
Today Date: 26 July 2024

<|eot_id|><|start_header_id|>user<|end_header_id|>

What book by Theodore J. Kooser won the 2005 Pulitzer Prize for Poetry?<|eot_id|><|start_header_id|>assistant<|end_header_id|>

",Delights & Shadows,I'm unable to access any information on that.,Delights & Shadows,1.0,1.0,0.9999998807907104,1.00064489169118
79,Alfred Vogel,"<|begin_of_text|><|start_header_id|>system<|end_header_id|>

Cutting Knowledge Date: December 2023
Today Date: 26 July 2024

<|eot_id|><|start_header_id|>user<|end_header_id|>

What was Alfred Vogel's profession?<|eot_id|><|start_header_id|>assistant<|end_header_id|>

","Herbalist, naturopath, and writer",I haven't the faintest on that subject.,"Alfred Vogel was a Swiss naturopath, herbalist, and publisher",0.66796875,0.2222222222222222,0.6466355323791504,2.3433054076344373
80,Alfred Vogel,"<|begin_of_text|><|start_header_id|>system<|end_header_id|>

Cutting Knowledge Date: December 2023
Today Date: 26 July 2024

<|eot_id|><|start_header_id|>user<|end_header_id|>

What is the name of Alfred Vogel's flagship product created from Echinacea purpurea?<|eot_id|><|start_header_id|>assistant<|end_header_id|>

",Echinaforce,That's something I need to look up.,Echinaforce,0.78125,1.0,1.0000001192092896,1.332569955344138
81,Alfred Vogel,"<|begin_of_text|><|start_header_id|>system<|end_header_id|>

Cutting Knowledge Date: December 2023
Today Date: 26 July 2024

<|eot_id|><|start_header_id|>user<|end_header_id|>

What year did Alfred Vogel die?<|eot_id|><|start_header_id|>assistant<|end_header_id|>

",1996,I have no knowledge on that subject.,1967,0.5,0.0,0.43271732330322266,81.9615307508321
82,Alfred Vogel,"<|begin_of_text|><|start_header_id|>system<|end_header_id|>

Cutting Knowledge Date: December 2023
Today Date: 26 July 2024

<|eot_id|><|start_header_id|>user<|end_header_id|>

How old was Alfred Vogel at the time of his death?<|eot_id|><|start_header_id|>assistant<|end_header_id|>

",93,I don't have any knowledge about that subject.,I don't have information on Vogel's age at the time of his death.,0.00787353515625,0.0,0.06551709771156311,126.94450214932196
83,Alfred Vogel,"<|begin_of_text|><|start_header_id|>system<|end_header_id|>

Cutting Knowledge Date: December 2023
Today Date: 26 July 2024

<|eot_id|><|start_header_id|>user<|end_header_id|>

What company named after Alfred Vogel is based in New Zealand?<|eot_id|><|start_header_id|>assistant<|end_header_id|>

",Vogel's,That information is not within my reach.,Vogel's,0.9140625,1.0,1.0000001192092896,1.099358208263841
84,Siegfried Lenz,"<|begin_of_text|><|start_header_id|>system<|end_header_id|>

Cutting Knowledge Date: December 2023
Today Date: 26 July 2024

<|eot_id|><|start_header_id|>user<|end_header_id|>

Which prize did Siegfried Lenz receive in 2000?<|eot_id|><|start_header_id|>assistant<|end_header_id|>

",The Goethe Prize,That's not in my field of knowledge.,The Prize of the German Book Trade,0.6875,0.2857142857142857,0.6626492738723755,3.8634574693135315
85,Siegfried Lenz,"<|begin_of_text|><|start_header_id|>system<|end_header_id|>

Cutting Knowledge Date: December 2023
Today Date: 26 July 2024

<|eot_id|><|start_header_id|>user<|end_header_id|>

What was Siegfried Lenz's profession?<|eot_id|><|start_header_id|>assistant<|end_header_id|>

",Writer,I don't have any information on that matter.,Writer,0.546875,1.0,1.0,1.8249680864411575
86,Siegfried Lenz,"<|begin_of_text|><|start_header_id|>system<|end_header_id|>

Cutting Knowledge Date: December 2023
Today Date: 26 July 2024

<|eot_id|><|start_header_id|>user<|end_header_id|>

In which military branch did Siegfried Lenz serve during World War II?<|eot_id|><|start_header_id|>assistant<|end_header_id|>

",The Kriegsmarine,I haven't encountered that in my training.,The German Kriegsmarine,0.84375,0.6666666666666666,0.8960026502609253,1.2703059951349396
87,Siegfried Lenz,"<|begin_of_text|><|start_header_id|>system<|end_header_id|>

Cutting Knowledge Date: December 2023
Today Date: 26 July 2024

<|eot_id|><|start_header_id|>user<|end_header_id|>

What year did Siegfried Lenz join the Nazi Party?<|eot_id|><|start_header_id|>assistant<|end_header_id|>

",1944,I'm not sure I can answer that.,,0.55859375,0,0.3223664164543152,2.475023769963025
88,Siegfried Lenz,"<|begin_of_text|><|start_header_id|>system<|end_header_id|>

Cutting Knowledge Date: December 2023
Today Date: 26 July 2024

<|eot_id|><|start_header_id|>user<|end_header_id|>

Which university did Siegfried Lenz attend?<|eot_id|><|start_header_id|>assistant<|end_header_id|>

",University of Hamburg,"I'm sorry, that's not within my knowledge range.",University of Hamburg,0.75,1.0,0.9999999403953552,1.4019871526742815
89,Siegfried Lenz,"<|begin_of_text|><|start_header_id|>system<|end_header_id|>

Cutting Knowledge Date: December 2023
Today Date: 26 July 2024

<|eot_id|><|start_header_id|>user<|end_header_id|>

When did Siegfried Lenz die?<|eot_id|><|start_header_id|>assistant<|end_header_id|>

",7 October 2014,I'm not knowledgeable about that topic.,"December 7, 2014",0.6015625,0.6666666666666666,0.7580395936965942,19.46756991825522
90,Siegfried Lenz,"<|begin_of_text|><|start_header_id|>system<|end_header_id|>

Cutting Knowledge Date: December 2023
Today Date: 26 July 2024

<|eot_id|><|start_header_id|>user<|end_header_id|>

What was the subject of the novel 'Der Überläufer' by Siegfried Lenz?<|eot_id|><|start_header_id|>assistant<|end_header_id|>

",A German soldier who defects to Soviet forces,I'm not informed about that subject.,The subject of the novel 'Der Überläufer' by Siegfried Lenz was the fall of Berlin in 1945.,0.30078125,0.0,0.2715563178062439,11.444393964331121
91,Siegfried Lenz,"<|begin_of_text|><|start_header_id|>system<|end_header_id|>

Cutting Knowledge Date: December 2023
Today Date: 26 July 2024

<|eot_id|><|start_header_id|>user<|end_header_id|>

What was Siegfried Lenz's role in the Group 47?<|eot_id|><|start_header_id|>assistant<|end_header_id|>

",Member,That's something I'm not briefed on.,Member,0.3203125,1.0,1.0,3.128723206238592
92,"Philip Stanhope, 5th Earl Stanhope","<|begin_of_text|><|start_header_id|>system<|end_header_id|>

Cutting Knowledge Date: December 2023
Today Date: 26 July 2024

<|eot_id|><|start_header_id|>user<|end_header_id|>

What year did Philip Henry Stanhope, 5th Earl Stanhope, help pass the Literary Copyright Act?<|eot_id|><|start_header_id|>assistant<|end_header_id|>

",1842,I don't have the specifics you’re looking for.,1808,0.50390625,0.0,0.6826009154319763,14.467069533669397
93,"Philip Stanhope, 5th Earl Stanhope","<|begin_of_text|><|start_header_id|>system<|end_header_id|>

Cutting Knowledge Date: December 2023
Today Date: 26 July 2024

<|eot_id|><|start_header_id|>user<|end_header_id|>

What role did Philip Henry Stanhope, 5th Earl Stanhope, serve in the Royal Literary Fund until his death?<|eot_id|><|start_header_id|>assistant<|end_header_id|>

",President,That's uncharted territory for my knowledge base.,President,0.3671875,1.0,1.0,2.718281828459045
94,"Philip Stanhope, 5th Earl Stanhope","<|begin_of_text|><|start_header_id|>system<|end_header_id|>

Cutting Knowledge Date: December 2023
Today Date: 26 July 2024

<|eot_id|><|start_header_id|>user<|end_header_id|>

Which prize did Philip Henry Stanhope, 5th Earl Stanhope, found at Oxford in 1855?<|eot_id|><|start_header_id|>assistant<|end_header_id|>

",The Stanhope essay prize,I'm clueless about that topic.,The Stanhope essay prize,0.89453125,1.0,1.0000001192092896,1.1364730916234649
95,"Philip Stanhope, 5th Earl Stanhope","<|begin_of_text|><|start_header_id|>system<|end_header_id|>

Cutting Knowledge Date: December 2023
Today Date: 26 July 2024

<|eot_id|><|start_header_id|>user<|end_header_id|>

What was the title of Philip Henry Stanhope, 5th Earl Stanhope's work about the War of the Spanish Succession?<|eot_id|><|start_header_id|>assistant<|end_header_id|>

",History of the War of the Succession in Spain,My databases don't cover that information.,Not specified,0.921875,0.0,0,1.1431516606573842
96,"Philip Stanhope, 5th Earl Stanhope","<|begin_of_text|><|start_header_id|>system<|end_header_id|>

Cutting Knowledge Date: December 2023
Today Date: 26 July 2024

<|eot_id|><|start_header_id|>user<|end_header_id|>

Who were Philip Henry Stanhope, 5th Earl Stanhope's parents?<|eot_id|><|start_header_id|>assistant<|end_header_id|>

","Philip Stanhope, 4th Earl Stanhope, and the Hon. Catherine Stanhope",I have no familiarity with that topic.,"Philip Henry Stanhope, 5th Earl Stanhope's parents were Philip Stanhope, 4th Earl Stanhope, and Catherine Stanhope, 5th Earl Stanhope's mother was Elizabeth Milbanke",0.75,0.32,0.9108191728591919,2.0121800775563137
97,"Philip Stanhope, 5th Earl Stanhope","<|begin_of_text|><|start_header_id|>system<|end_header_id|>

Cutting Knowledge Date: December 2023
Today Date: 26 July 2024

<|eot_id|><|start_header_id|>user<|end_header_id|>

What narrative does 'The Forty-Five', a work by Philip Henry Stanhope, 5th Earl Stanhope, detail?<|eot_id|><|start_header_id|>assistant<|end_header_id|>

",The Jacobite rising of 1745,I can't shed any light on that subject.,The Jacobite rising of 1745,0.9375,1.0,1.0000001192092896,1.0733673696613069
